[{"model": "taggit.tag", "pk": 6, "fields": {"name": "cheap", "slug": "cheap"}}, {"model": "taggit.tag", "pk": 7, "fields": {"name": "hd", "slug": "hd"}}, {"model": "taggit.tag", "pk": 8, "fields": {"name": "tinky", "slug": "tinky"}}, {"model": "taggit.tag", "pk": 9, "fields": {"name": "zoom", "slug": "zoom"}}, {"model": "taggit.tag", "pk": 10, "fields": {"name": "black", "slug": "black"}}, {"model": "taggit.tag", "pk": 11, "fields": {"name": "mousepad", "slug": "mousepad"}}, {"model": "taggit.tag", "pk": 12, "fields": {"name": "white", "slug": "white"}}, {"model": "taggit.tag", "pk": 13, "fields": {"name": "light", "slug": "light"}}, {"model": "taggit.tag", "pk": 14, "fields": {"name": "rgb", "slug": "rgb"}}, {"model": "taggit.tag", "pk": 15, "fields": {"name": "cool", "slug": "cool"}}, {"model": "taggit.tag", "pk": 16, "fields": {"name": "nice", "slug": "nice"}}, {"model": "taggit.tag", "pk": 17, "fields": {"name": "888", "slug": "888"}}, {"model": "taggit.tag", "pk": 18, "fields": {"name": "hp", "slug": "hp"}}, {"model": "taggit.tag", "pk": 19, "fields": {"name": "gaming", "slug": "gaming"}}, {"model": "taggit.tag", "pk": 20, "fields": {"name": "case", "slug": "case"}}, {"model": "taggit.tag", "pk": 21, "fields": {"name": "pc", "slug": "pc"}}, {"model": "taggit.tag", "pk": 22, "fields": {"name": "service", "slug": "service"}}, {"model": "taggit.tag", "pk": 23, "fields": {"name": "keyboard", "slug": "keyboard"}}, {"model": "taggit.tag", "pk": 24, "fields": {"name": "office", "slug": "office"}}, {"model": "taggit.tag", "pk": 25, "fields": {"name": "cpu", "slug": "cpu"}}, {"model": "taggit.tag", "pk": 26, "fields": {"name": "intel", "slug": "intel"}}, {"model": "taggit.tag", "pk": 27, "fields": {"name": "amd", "slug": "amd"}}, {"model": "taggit.tag", "pk": 28, "fields": {"name": "keycaps", "slug": "keycaps"}}, {"model": "taggit.taggeditem", "pk": 27, "fields": {"tag": 6, "content_type": 25, "object_id": 5}}, {"model": "taggit.taggeditem", "pk": 28, "fields": {"tag": 7, "content_type": 25, "object_id": 5}}, {"model": "taggit.taggeditem", "pk": 40, "fields": {"tag": 13, "content_type": 25, "object_id": 6}}, {"model": "taggit.taggeditem", "pk": 41, "fields": {"tag": 14, "content_type": 25, "object_id": 6}}, {"model": "taggit.taggeditem", "pk": 43, "fields": {"tag": 10, "content_type": 11, "object_id": 11}}, {"model": "taggit.taggeditem", "pk": 44, "fields": {"tag": 13, "content_type": 11, "object_id": 11}}, {"model": "taggit.taggeditem", "pk": 45, "fields": {"tag": 14, "content_type": 11, "object_id": 11}}, {"model": "taggit.taggeditem", "pk": 46, "fields": {"tag": 10, "content_type": 11, "object_id": 12}}, {"model": "taggit.taggeditem", "pk": 47, "fields": {"tag": 6, "content_type": 11, "object_id": 12}}, {"model": "taggit.taggeditem", "pk": 48, "fields": {"tag": 8, "content_type": 11, "object_id": 13}}, {"model": "taggit.taggeditem", "pk": 49, "fields": {"tag": 9, "content_type": 11, "object_id": 13}}, {"model": "taggit.taggeditem", "pk": 50, "fields": {"tag": 10, "content_type": 11, "object_id": 13}}, {"model": "taggit.taggeditem", "pk": 51, "fields": {"tag": 8, "content_type": 11, "object_id": 14}}, {"model": "taggit.taggeditem", "pk": 52, "fields": {"tag": 9, "content_type": 11, "object_id": 14}}, {"model": "taggit.taggeditem", "pk": 53, "fields": {"tag": 10, "content_type": 11, "object_id": 14}}, {"model": "taggit.taggeditem", "pk": 54, "fields": {"tag": 16, "content_type": 11, "object_id": 14}}, {"model": "taggit.taggeditem", "pk": 59, "fields": {"tag": 18, "content_type": 11, "object_id": 14}}, {"model": "taggit.taggeditem", "pk": 60, "fields": {"tag": 19, "content_type": 33, "object_id": 1}}, {"model": "taggit.taggeditem", "pk": 61, "fields": {"tag": 20, "content_type": 33, "object_id": 1}}, {"model": "taggit.taggeditem", "pk": 62, "fields": {"tag": 21, "content_type": 33, "object_id": 1}}, {"model": "taggit.taggeditem", "pk": 63, "fields": {"tag": 22, "content_type": 33, "object_id": 1}}, {"model": "taggit.taggeditem", "pk": 64, "fields": {"tag": 23, "content_type": 33, "object_id": 1}}, {"model": "taggit.taggeditem", "pk": 65, "fields": {"tag": 20, "content_type": 33, "object_id": 2}}, {"model": "taggit.taggeditem", "pk": 66, "fields": {"tag": 21, "content_type": 33, "object_id": 2}}, {"model": "taggit.taggeditem", "pk": 67, "fields": {"tag": 22, "content_type": 33, "object_id": 2}}, {"model": "taggit.taggeditem", "pk": 68, "fields": {"tag": 23, "content_type": 33, "object_id": 2}}, {"model": "taggit.taggeditem", "pk": 69, "fields": {"tag": 24, "content_type": 33, "object_id": 2}}, {"model": "taggit.taggeditem", "pk": 70, "fields": {"tag": 25, "content_type": 35, "object_id": 1}}, {"model": "taggit.taggeditem", "pk": 71, "fields": {"tag": 26, "content_type": 35, "object_id": 1}}, {"model": "taggit.taggeditem", "pk": 72, "fields": {"tag": 19, "content_type": 35, "object_id": 1}}, {"model": "taggit.taggeditem", "pk": 73, "fields": {"tag": 21, "content_type": 35, "object_id": 1}}, {"model": "taggit.taggeditem", "pk": 74, "fields": {"tag": 19, "content_type": 35, "object_id": 2}}, {"model": "taggit.taggeditem", "pk": 75, "fields": {"tag": 21, "content_type": 35, "object_id": 2}}, {"model": "taggit.taggeditem", "pk": 76, "fields": {"tag": 24, "content_type": 35, "object_id": 2}}, {"model": "taggit.taggeditem", "pk": 77, "fields": {"tag": 25, "content_type": 35, "object_id": 2}}, {"model": "taggit.taggeditem", "pk": 78, "fields": {"tag": 27, "content_type": 35, "object_id": 2}}, {"model": "taggit.taggeditem", "pk": 79, "fields": {"tag": 25, "content_type": 11, "object_id": 19}}, {"model": "taggit.taggeditem", "pk": 80, "fields": {"tag": 26, "content_type": 11, "object_id": 19}}, {"model": "taggit.taggeditem", "pk": 81, "fields": {"tag": 19, "content_type": 11, "object_id": 19}}, {"model": "taggit.taggeditem", "pk": 82, "fields": {"tag": 21, "content_type": 11, "object_id": 19}}, {"model": "taggit.taggeditem", "pk": 83, "fields": {"tag": 19, "content_type": 33, "object_id": 3}}, {"model": "taggit.taggeditem", "pk": 84, "fields": {"tag": 20, "content_type": 33, "object_id": 3}}, {"model": "taggit.taggeditem", "pk": 85, "fields": {"tag": 21, "content_type": 33, "object_id": 3}}, {"model": "taggit.taggeditem", "pk": 86, "fields": {"tag": 22, "content_type": 33, "object_id": 3}}, {"model": "taggit.taggeditem", "pk": 87, "fields": {"tag": 23, "content_type": 33, "object_id": 3}}, {"model": "taggit.taggeditem", "pk": 88, "fields": {"tag": 28, "content_type": 33, "object_id": 3}}, {"model": "taggit.taggeditem", "pk": 89, "fields": {"tag": 25, "content_type": 11, "object_id": 20}}, {"model": "taggit.taggeditem", "pk": 90, "fields": {"tag": 26, "content_type": 11, "object_id": 20}}, {"model": "taggit.taggeditem", "pk": 91, "fields": {"tag": 19, "content_type": 11, "object_id": 20}}, {"model": "taggit.taggeditem", "pk": 92, "fields": {"tag": 21, "content_type": 11, "object_id": 20}}, {"model": "users.vendor", "pk": 1, "fields": {"store_name": "Topicware", "slug": "topicware", "store_info": "Lorem ipsum dolor sit amet, consectetur adipiscing elit. Vivamus eget purus ac purus iaculis bibendum sit amet eget nisi. Praesent aliquet lectus dapibus felis volutpat porttitor. Cras vehicula turpis ut quam scelerisque, malesuada accumsan nisi euismod. In felis tellus, molestie scelerisque varius sed, placerat eget tellus. Class aptent taciti sociosqu ad litora torquent per conubia nostra, per inceptos himenaeos. Sed iaculis tincidunt ex, ut feugiat mauris condimentum a. Nam blandit, ex mollis volutpat molestie, dolor enim dictum turpis, in tempus ex felis suscipit nunc. In scelerisque urna risus, ac sollicitudin turpis hendrerit et. Sed quis efficitur tellus, sit amet gravida sapien. Aliquam sit amet condimentum nulla.", "address_line": "17/F Tower 1 Exchange Plaza Ayala Avenue", "city": "Makati City", "state": "Metro Manila", "zip_code": 1200, "date_joined": "2020-09-04T06:22:31.233Z", "contact_no": "8498988", "secondary_no": "8485576", "image": "store_pics/help_sUqYxnA.jpg", "about_image": "store_pics/PembrokeWelshCorgi_hero.jpg", "user": 9, "status": "Active"}}, {"model": "users.vendor", "pk": 2, "fields": {"store_name": "Pier 39", "slug": "pier-39-D9SK", "store_info": "Lorem ipsum dolor sit amet, consectetur adipiscing elit. Vivamus eget purus ac purus iaculis bibendum sit amet eget nisi. Praesent aliquet lectus dapibus felis volutpat porttitor. Cras vehicula turpis ut quam scelerisque, malesuada accumsan nisi euismod. In felis tellus, molestie scelerisque varius sed, placerat eget tellus. Class aptent taciti sociosqu ad litora torquent per conubia nostra, per inceptos himenaeos. Sed iaculis tincidunt ex, ut feugiat mauris condimentum a. Nam blandit, ex mollis volutpat molestie, dolor enim dictum turpis, in tempus ex felis suscipit nunc. In scelerisque urna risus, ac sollicitudin turpis hendrerit et. Sed quis efficitur tellus, sit amet gravida sapien. Aliquam sit amet condimentum nulla.", "address_line": "Mercury Ave. Cor. E. Rodriguez Jr. Ave.Keynet Compound Bagumbayan", "city": "Quezon City", "state": "Metro Manila", "zip_code": 1100, "date_joined": "2020-09-04T07:53:59.430Z", "contact_no": "2811545", "secondary_no": "8485576", "image": "default.jpg", "about_image": "store_pics/PembrokeWelshCorgi_hero_GLIe2Vh.jpg", "user": 12, "status": "Active"}}, {"model": "users.serviceprovider", "pk": 2, "fields": {"store_name": "Swig Builds", "slug": "swig-builds", "provider_info": "Lorem ipsum dolor sit amet, consectetur adipiscing elit. Vivamus eget purus ac purus iaculis bibendum sit amet eget nisi. Praesent aliquet lectus dapibus felis volutpat porttitor. Cras vehicula turpis ut quam scelerisque, malesuada accumsan nisi euismod. In felis tellus, molestie scelerisque varius sed, placerat eget tellus. Class aptent taciti sociosqu ad litora torquent per conubia nostra, per inceptos himenaeos. Sed iaculis tincidunt ex, ut feugiat mauris condimentum a. Nam blandit, ex mollis volutpat molestie, dolor enim dictum turpis, in tempus ex felis suscipit nunc. In scelerisque urna risus, ac sollicitudin turpis hendrerit et. Sed quis efficitur tellus, sit amet gravida sapien. Aliquam sit amet condimentum nulla.", "address_line": "17/F Tower 1 Exchange Plaza Ayala Avenue", "city": "Quezon City", "state": "Metro Manila", "zip_code": 1100, "date_joined": "2020-10-30T08:04:53.154Z", "contact_no": "09173229285", "secondary_no": null, "about_image": "default.jpg", "image": "default.jpg", "user": 10}}, {"model": "users.serviceprovider", "pk": 3, "fields": {"store_name": "Kylie Keys", "slug": "kylie-keys", "provider_info": "Lorem ipsum dolor sit amet, consectetur adipiscing elit. Vivamus eget purus ac purus iaculis bibendum sit amet eget nisi. Praesent aliquet lectus dapibus felis volutpat porttitor. Cras vehicula turpis ut quam scelerisque, malesuada accumsan nisi euismod. In felis tellus, molestie scelerisque varius sed, placerat eget tellus. Class aptent taciti sociosqu ad litora torquent per conubia nostra, per inceptos himenaeos. Sed iaculis tincidunt ex, ut feugiat mauris condimentum a. Nam blandit, ex mollis volutpat molestie, dolor enim dictum turpis, in tempus ex felis suscipit nunc. In scelerisque urna risus, ac sollicitudin turpis hendrerit et. Sed quis efficitur tellus, sit amet gravida sapien. Aliquam sit amet condimentum nulla.", "address_line": "7 Paraguay St. Loyola Grand Villas", "city": "Quezon City", "state": "Metro Manila", "zip_code": 1100, "date_joined": "2020-10-30T08:18:42.456Z", "contact_no": "09173229285", "secondary_no": null, "about_image": "default.jpg", "image": "default.jpg", "user": 12}}, {"model": "main.wishlistitem", "pk": 1, "fields": {"user": 11, "product": 14, "service": null}}, {"model": "main.wishlistitem", "pk": 2, "fields": {"user": 8, "product": 14, "service": null}}, {"model": "main.sharedwishlist", "pk": "CBDC90", "fields": {"note": "help", "user": 11}}, {"model": "main.cartitem", "pk": 4, "fields": {"user": 11, "product": 19, "service": null, "date_added": "2020-10-30T08:32:09.561Z", "quantity": 1, "c_cares": false}}, {"model": "main.cartitem", "pk": 5, "fields": {"user": 11, "product": 11, "service": null, "date_added": "2020-10-30T08:32:12.639Z", "quantity": 1, "c_cares": false}}, {"model": "main.paymentmethod", "pk": 1, "fields": {"title": "Cash On Delivery", "details": ""}}, {"model": "main.paymentmethod", "pk": 2, "fields": {"title": "GCash", "details": "Meg Tuason\r\n09173229285"}}, {"model": "main.paymentmethod", "pk": 4, "fields": {"title": "Paypal or Debit/Credit Card", "details": "Visa, Mastercard, etc."}}, {"model": "main.siteorder", "pk": 5, "fields": {"user": 8, "contact_no": "09173229285", "date_placed": "2020-09-20T14:04:16.479Z", "status": "Unfulfilled", "total": "8080.00", "payment_method": 4, "address_line": "7 Paraguay St. Loyola Grand Villas", "city": "Quezon City", "state": "Not Applicable", "zip_code": 1100, "shipping_fee": 3, "ref_id": "200920135843A4C480"}}, {"model": "main.siteorder", "pk": 6, "fields": {"user": 12, "contact_no": "09173229285", "date_placed": "2020-10-25T14:28:13.943Z", "status": "Payment Pending", "total": "8580.00", "payment_method": 4, "address_line": "7 Paraguay St. Loyola Grand Villas", "city": "Quezon City", "state": "Metro Manila", "zip_code": 1100, "shipping_fee": 3, "ref_id": "201025222813DE68A8"}}, {"model": "main.siteorder", "pk": 7, "fields": {"user": 12, "contact_no": "09173229285", "date_placed": "2020-10-25T14:33:36.091Z", "status": "Unfulfilled", "total": "17380.00", "payment_method": 4, "address_line": "7 Paraguay St. Loyola Grand Villas", "city": "Quezon City", "state": "Metro Manila", "zip_code": 1100, "shipping_fee": 3, "ref_id": "201025223336563793"}}, {"model": "main.siteorder", "pk": 8, "fields": {"user": 11, "contact_no": "93333", "date_placed": "2020-10-31T11:54:48.355Z", "status": "Payment Pending", "total": "6080.00", "payment_method": 4, "address_line": "Denmark St. Upper Banlat", "city": "Quezon City", "state": "Manila", "zip_code": 1116, "shipping_fee": 3, "ref_id": "20103119544860F1DC"}}, {"model": "main.siteorder", "pk": 9, "fields": {"user": 11, "contact_no": "93333", "date_placed": "2020-10-31T11:54:48.121Z", "status": "Payment Pending", "total": "16580.00", "payment_method": 4, "address_line": "Denmark St. Upper Banlat", "city": "Quezon City", "state": "Manila", "zip_code": 1116, "shipping_fee": 3, "ref_id": "2010311954489E6489"}}, {"model": "main.orderitem", "pk": 58, "fields": {"order": 5, "product": 13, "service": null, "quantity": 1, "c_cares": false}}, {"model": "main.orderitem", "pk": 59, "fields": {"order": 6, "product": 13, "service": null, "quantity": 1, "c_cares": true}}, {"model": "main.orderitem", "pk": 60, "fields": {"order": 7, "product": 12, "service": null, "quantity": 1, "c_cares": false}}, {"model": "main.orderitem", "pk": 61, "fields": {"order": 7, "product": 13, "service": null, "quantity": 1, "c_cares": true}}, {"model": "main.orderitem", "pk": 62, "fields": {"order": 8, "product": 11, "service": null, "quantity": 1, "c_cares": false}}, {"model": "main.orderitem", "pk": 63, "fields": {"order": 9, "product": 19, "service": null, "quantity": 1, "c_cares": false}}, {"model": "admins.product", "pk": 11, "fields": {"name": "Mouse", "description": "Lorem ipsum dolor sit amet, consectetur adipiscing elit. Vivamus eget purus ac purus iaculis bibendum sit amet eget nisi. Praesent aliquet lectus dapibus felis volutpat porttitor. Cras vehicula turpis ut quam scelerisque, malesuada accumsan nisi euismod. In felis tellus, molestie scelerisque varius sed, placerat eget tellus. Class aptent taciti sociosqu ad litora torquent per conubia nostra, per inceptos himenaeos. Sed iaculis tincidunt ex, ut feugiat mauris condimentum a. Nam blandit, ex mollis volutpat molestie, dolor enim dictum turpis, in tempus ex felis suscipit nunc. In scelerisque urna risus, ac sollicitudin turpis hendrerit et. Sed quis efficitur tellus, sit amet gravida sapien. Aliquam sit amet condimentum nulla.", "price": "6000.00", "discount_price": "7000.00", "item_stock": 99, "date_created": "2020-09-04T07:55:06.171Z", "image": "default.jpg", "vendor": 1, "slug": "mouse-GwVd"}}, {"model": "admins.product", "pk": 12, "fields": {"name": "Mousepad (extended)", "description": "Lorem ipsum dolor sit amet, consectetur adipiscing elit. Vivamus eget purus ac purus iaculis bibendum sit amet eget nisi. Praesent aliquet lectus dapibus felis volutpat porttitor. Cras vehicula turpis ut quam scelerisque, malesuada accumsan nisi euismod. In felis tellus, molestie scelerisque varius sed, placerat eget tellus. Class aptent taciti sociosqu ad litora torquent per conubia nostra, per inceptos himenaeos. Sed iaculis tincidunt ex, ut feugiat mauris condimentum a. Nam blandit, ex mollis volutpat molestie, dolor enim dictum turpis, in tempus ex felis suscipit nunc. In scelerisque urna risus, ac sollicitudin turpis hendrerit et. Sed quis efficitur tellus, sit amet gravida sapien. Aliquam sit amet condimentum nulla.", "price": "800.00", "discount_price": "1000.00", "item_stock": 199, "date_created": "2020-09-04T07:55:46.744Z", "image": "default.jpg", "vendor": 1, "slug": "mousepad-extended-n63g"}}, {"model": "admins.product", "pk": 13, "fields": {"name": "Keyboard", "description": "Lorem ipsum dolor sit amet, consectetur adipiscing elit. Vivamus eget purus ac purus iaculis bibendum sit amet eget nisi. Praesent aliquet lectus dapibus felis volutpat porttitor. Cras vehicula turpis ut quam scelerisque, malesuada accumsan nisi euismod. In felis tellus, molestie scelerisque varius sed, placerat eget tellus. Class aptent taciti sociosqu ad litora torquent per conubia nostra, per inceptos himenaeos. Sed iaculis tincidunt ex, ut feugiat mauris condimentum a. Nam blandit, ex mollis volutpat molestie, dolor enim dictum turpis, in tempus ex felis suscipit nunc. In scelerisque urna risus, ac sollicitudin turpis hendrerit et. Sed quis efficitur tellus, sit amet gravida sapien. Aliquam sit amet condimentum nulla.", "price": "8000.00", "discount_price": "10000.00", "item_stock": 7, "date_created": "2020-09-04T07:56:13.566Z", "image": "default.jpg", "vendor": 1, "slug": "keyboard-PnHc"}}, {"model": "admins.product", "pk": 14, "fields": {"name": "All in One Desktop PC", "description": "Lorem ipsum dolor sit amet, consectetur adipiscing elit. Vivamus eget purus ac purus iaculis bibendum sit amet eget nisi. Praesent aliquet lectus dapibus felis volutpat porttitor. Cras vehicula turpis ut quam scelerisque, malesuada accumsan nisi euismod. In felis tellus, molestie scelerisque varius sed, placerat eget tellus. Class aptent taciti sociosqu ad litora torquent per conubia nostra, per inceptos himenaeos. Sed iaculis tincidunt ex, ut feugiat mauris condimentum a. Nam blandit, ex mollis volutpat molestie, dolor enim dictum turpis, in tempus ex felis suscipit nunc. In scelerisque urna risus, ac sollicitudin turpis hendrerit et. Sed quis efficitur tellus, sit amet gravida sapien. Aliquam sit amet condimentum nulla.", "price": "18000.00", "discount_price": "20000.00", "item_stock": 20, "date_created": "2020-09-04T07:57:09.086Z", "image": "default.jpg", "vendor": 2, "slug": "all-in-one-desktop-pc-ge80"}}, {"model": "admins.product", "pk": 19, "fields": {"name": "Intel Core i7-9700K", "description": "Lorem ipsum dolor sit amet, consectetur adipiscing elit. Vivamus eget purus ac purus iaculis bibendum sit amet eget nisi. Praesent aliquet lectus dapibus felis volutpat porttitor. Cras vehicula turpis ut quam scelerisque, malesuada accumsan nisi euismod. In felis tellus, molestie scelerisque varius sed, placerat eget tellus. Class aptent taciti sociosqu ad litora torquent per conubia nostra, per inceptos himenaeos. Sed iaculis tincidunt ex, ut feugiat mauris condimentum a. Nam blandit, ex mollis volutpat molestie, dolor enim dictum turpis, in tempus ex felis suscipit nunc. In scelerisque urna risus, ac sollicitudin turpis hendrerit et. Sed quis efficitur tellus, sit amet gravida sapien. Aliquam sit amet condimentum nulla.", "price": "16500.00", "discount_price": "1700.00", "item_stock": 19, "date_created": "2020-10-30T08:15:13.496Z", "image": "default.jpg", "vendor": 2, "slug": "intel-core-i7-9700k"}}, {"model": "admins.product", "pk": 20, "fields": {"name": "Intel Core i7-9700K", "description": "Desktop Processor 8 Cores up to 4.9 GHz Turbo unlocked LGA1151 300 Series 95W", "price": "16400.00", "discount_price": "17000.00", "item_stock": 30, "date_created": "2020-10-30T08:21:17.188Z", "image": "default.jpg", "vendor": 1, "slug": "intel-core-i7-9700k-sXBj"}}, {"model": "admins.serviceitem", "pk": 1, "fields": {"name": "Intel Core i7-9700K", "description": "Lorem ipsum dolor sit amet, consectetur adipiscing elit. Vivamus eget purus ac purus iaculis bibendum sit amet eget nisi. Praesent aliquet lectus dapibus felis volutpat porttitor. Cras vehicula turpis ut quam scelerisque, malesuada accumsan nisi euismod. In felis tellus, molestie scelerisque varius sed, placerat eget tellus. Class aptent taciti sociosqu ad litora torquent per conubia nostra, per inceptos himenaeos. Sed iaculis tincidunt ex, ut feugiat mauris condimentum a. Nam blandit, ex mollis volutpat molestie, dolor enim dictum turpis, in tempus ex felis suscipit nunc. In scelerisque urna risus, ac sollicitudin turpis hendrerit et. Sed quis efficitur tellus, sit amet gravida sapien. Aliquam sit amet condimentum nulla.", "price": "14688.00", "stock_required": 10, "date_created": "2020-10-30T08:11:36.555Z", "image": "default.jpg", "provider": 2, "slug": "intel-core-i7-9700k"}}, {"model": "admins.serviceitem", "pk": 2, "fields": {"name": "AMD Ryzen 7 3700X 8-Core, 16-Thread Unlocked Desktop Processor with Wraith Prism LED Cooler", "description": "Lorem ipsum dolor sit amet, consectetur adipiscing elit. Vivamus eget purus ac purus iaculis bibendum sit amet eget nisi. Praesent aliquet lectus dapibus felis volutpat porttitor. Cras vehicula turpis ut quam scelerisque, malesuada accumsan nisi euismod. In felis tellus, molestie scelerisque varius sed, placerat eget tellus. Class aptent taciti sociosqu ad litora torquent per conubia nostra, per inceptos himenaeos. Sed iaculis tincidunt ex, ut feugiat mauris condimentum a. Nam blandit, ex mollis volutpat molestie, dolor enim dictum turpis, in tempus ex felis suscipit nunc. In scelerisque urna risus, ac sollicitudin turpis hendrerit et. Sed quis efficitur tellus, sit amet gravida sapien. Aliquam sit amet condimentum nulla.", "price": "15504.00", "stock_required": 10, "date_created": "2020-10-30T08:13:11.841Z", "image": "default.jpg", "provider": 2, "slug": "amd-ryzen-7-3700x-8-core-16-thread-unlocked-desktop-processor-with-wraith-prism-led-cooler"}}, {"model": "admins.service", "pk": 1, "fields": {"name": "Gaming PC Build", "description": "Lorem ipsum dolor sit amet, consectetur adipiscing elit. Vivamus eget purus ac purus iaculis bibendum sit amet eget nisi. Praesent aliquet lectus dapibus felis volutpat porttitor. Cras vehicula turpis ut quam scelerisque, malesuada accumsan nisi euismod. In felis tellus, molestie scelerisque varius sed, placerat eget tellus. Class aptent taciti sociosqu ad litora torquent per conubia nostra, per inceptos himenaeos. Sed iaculis tincidunt ex, ut feugiat mauris condimentum a. Nam blandit, ex mollis volutpat molestie, dolor enim dictum turpis, in tempus ex felis suscipit nunc. In scelerisque urna risus, ac sollicitudin turpis hendrerit et. Sed quis efficitur tellus, sit amet gravida sapien. Aliquam sit amet condimentum nulla.", "price": "26000.00", "discount_price": "25000.00", "date_created": "2020-10-30T08:06:35.765Z", "image": "default.jpg", "provider": 2, "slug": "gaming-pc-build"}}, {"model": "admins.service", "pk": 2, "fields": {"name": "Office PC Build", "description": "Lorem ipsum dolor sit amet, consectetur adipiscing elit. Vivamus eget purus ac purus iaculis bibendum sit amet eget nisi. Praesent aliquet lectus dapibus felis volutpat porttitor. Cras vehicula turpis ut quam scelerisque, malesuada accumsan nisi euismod. In felis tellus, molestie scelerisque varius sed, placerat eget tellus. Class aptent taciti sociosqu ad litora torquent per conubia nostra, per inceptos himenaeos. Sed iaculis tincidunt ex, ut feugiat mauris condimentum a. Nam blandit, ex mollis volutpat molestie, dolor enim dictum turpis, in tempus ex felis suscipit nunc. In scelerisque urna risus, ac sollicitudin turpis hendrerit et. Sed quis efficitur tellus, sit amet gravida sapien. Aliquam sit amet condimentum nulla.", "price": "20000.00", "discount_price": "19000.00", "date_created": "2020-10-30T08:07:39.439Z", "image": "default.jpg", "provider": 2, "slug": "office-pc-build"}}, {"model": "admins.service", "pk": 3, "fields": {"name": "Custom Keyboard Build", "description": "Lorem ipsum dolor sit amet, consectetur adipiscing elit. Vivamus eget purus ac purus iaculis bibendum sit amet eget nisi. Praesent aliquet lectus dapibus felis volutpat porttitor. Cras vehicula turpis ut quam scelerisque, malesuada accumsan nisi euismod. In felis tellus, molestie scelerisque varius sed, placerat eget tellus. Class aptent taciti sociosqu ad litora torquent per conubia nostra, per inceptos himenaeos. Sed iaculis tincidunt ex, ut feugiat mauris condimentum a. Nam blandit, ex mollis volutpat molestie, dolor enim dictum turpis, in tempus ex felis suscipit nunc. In scelerisque urna risus, ac sollicitudin turpis hendrerit et. Sed quis efficitur tellus, sit amet gravida sapien. Aliquam sit amet condimentum nulla.", "price": "5000.00", "discount_price": "6000.00", "date_created": "2020-10-30T08:19:27.408Z", "image": "default.jpg", "provider": 3, "slug": "custom-keyboard-build"}}, {"model": "admins.category", "pk": 1, "fields": {"name": "Uncategorized", "image": "default.jpg"}}, {"model": "admins.category", "pk": 2, "fields": {"name": "Desktop PCs", "image": "default.jpg"}}, {"model": "admins.category", "pk": 3, "fields": {"name": "Laptop PCs", "image": "default.jpg"}}, {"model": "admins.category", "pk": 4, "fields": {"name": "Components", "image": "default.jpg"}}, {"model": "admins.category", "pk": 5, "fields": {"name": "Accessories", "image": "default.jpg"}}, {"model": "admins.category", "pk": 6, "fields": {"name": "Mobile Phones", "image": "default.jpg"}}, {"model": "admins.category", "pk": 7, "fields": {"name": "Printers & Ink", "image": "default.jpg"}}, {"model": "admins.category", "pk": 8, "fields": {"name": "Networking", "image": "default.jpg"}}, {"model": "admins.category", "pk": 9, "fields": {"name": "Gaming", "image": "default.jpg"}}, {"model": "admins.category", "pk": 10, "fields": {"name": "Support", "image": "default.jpg"}}, {"model": "admins.productcategory", "pk": 11, "fields": {"category": 4, "product": 11}}, {"model": "admins.productcategory", "pk": 12, "fields": {"category": 5, "product": 12}}, {"model": "admins.productcategory", "pk": 13, "fields": {"category": 4, "product": 13}}, {"model": "admins.productcategory", "pk": 14, "fields": {"category": 2, "product": 14}}, {"model": "admins.productcategory", "pk": 19, "fields": {"category": 4, "product": 19}}, {"model": "admins.productcategory", "pk": 20, "fields": {"category": 4, "product": 20}}, {"model": "admins.servicecategory", "pk": 1, "fields": {"category": 2, "service": 1}}, {"model": "admins.servicecategory", "pk": 2, "fields": {"category": 2, "service": 2}}, {"model": "admins.servicecategory", "pk": 3, "fields": {"category": 4, "service": 3}}, {"model": "admins.serviceitemcategory", "pk": 1, "fields": {"category": 4, "service_item": 1}}, {"model": "admins.serviceitemcategory", "pk": 2, "fields": {"category": 4, "service_item": 2}}, {"model": "admins.shippingrate", "pk": 3, "fields": {"rate": "80.00", "name": "Within Metro Manila"}}, {"model": "admins.shippingrate", "pk": 4, "fields": {"rate": "100.00", "name": "Outside"}}, {"model": "admins.vendorshipping", "pk": 11, "fields": {"rate": 3, "vendor": 1}}, {"model": "admins.vendorshipping", "pk": 12, "fields": {"rate": 3, "vendor": 2}}, {"model": "admins.compeecaresrate", "pk": 1, "fields": {"rate": "500.00", "name": "Test"}}, {"model": "admins.productguide", "pk": 2, "fields": {"title": "Choosing the Right CPU", "content": "Lorem ipsum dolor sit amet, consectetur adipiscing elit. Vivamus eget purus ac purus iaculis bibendum sit amet eget nisi. Praesent aliquet lectus dapibus felis volutpat porttitor. Cras vehicula turpis ut quam scelerisque, malesuada accumsan nisi euismod. In felis tellus, molestie scelerisque varius sed, placerat eget tellus. Class aptent taciti sociosqu ad litora torquent per conubia nostra, per inceptos himenaeos. Sed iaculis tincidunt ex, ut feugiat mauris condimentum a. Nam blandit, ex mollis volutpat molestie, dolor enim dictum turpis, in tempus ex felis suscipit nunc. In scelerisque urna risus, ac sollicitudin turpis hendrerit et. Sed quis efficitur tellus, sit amet gravida sapien. Aliquam sit amet condimentum nulla.", "slug": "choosing-the-right-cpu"}}, {"model": "admins.productguide", "pk": 3, "fields": {"title": "Types of Keyboard Switches", "content": "Lorem ipsum dolor sit amet, consectetur adipiscing elit. Vivamus eget purus ac purus iaculis bibendum sit amet eget nisi. Praesent aliquet lectus dapibus felis volutpat porttitor. Cras vehicula turpis ut quam scelerisque, malesuada accumsan nisi euismod. In felis tellus, molestie scelerisque varius sed, placerat eget tellus. Class aptent taciti sociosqu ad litora torquent per conubia nostra, per inceptos himenaeos. Sed iaculis tincidunt ex, ut feugiat mauris condimentum a. Nam blandit, ex mollis volutpat molestie, dolor enim dictum turpis, in tempus ex felis suscipit nunc. In scelerisque urna risus, ac sollicitudin turpis hendrerit et. Sed quis efficitur tellus, sit amet gravida sapien. Aliquam sit amet condimentum nulla.", "slug": "types-of-keyboard-switches"}}, {"model": "admins.productguide", "pk": 4, "fields": {"title": "Full Guide to PC Building", "content": "Lorem ipsum dolor sit amet, consectetur adipiscing elit. Vivamus eget purus ac purus iaculis bibendum sit amet eget nisi. Praesent aliquet lectus dapibus felis volutpat porttitor. Cras vehicula turpis ut quam scelerisque, malesuada accumsan nisi euismod. In felis tellus, molestie scelerisque varius sed, placerat eget tellus. Class aptent taciti sociosqu ad litora torquent per conubia nostra, per inceptos himenaeos. Sed iaculis tincidunt ex, ut feugiat mauris condimentum a. Nam blandit, ex mollis volutpat molestie, dolor enim dictum turpis, in tempus ex felis suscipit nunc. In scelerisque urna risus, ac sollicitudin turpis hendrerit et. Sed quis efficitur tellus, sit amet gravida sapien. Aliquam sit amet condimentum nulla.", "slug": "full-guide-to-pc-building"}}, {"model": "admins.displaygroup", "pk": 1, "fields": {"title": "Today's Deals", "slug": "todays-deals-jI0Q", "enabled": true}}, {"model": "admins.productgroup", "pk": 1, "fields": {"product": 11, "group": 1}}, {"model": "admins.productgroup", "pk": 2, "fields": {"product": 12, "group": 1}}, {"model": "admins.productgroup", "pk": 3, "fields": {"product": 13, "group": 1}}, {"model": "admins.productgroup", "pk": 4, "fields": {"product": 14, "group": 1}}, {"model": "admins.productgroup", "pk": 5, "fields": {"product": 19, "group": 1}}, {"model": "admins.productgroup", "pk": 6, "fields": {"product": 20, "group": 1}}, {"model": "admins.faq", "pk": 5, "fields": {"title": "How to Order a Product", "content": "Lorem ipsum dolor sit amet, consectetur adipiscing elit. Vivamus eget purus ac purus iaculis bibendum sit amet eget nisi. Praesent aliquet lectus dapibus felis volutpat porttitor. Cras vehicula turpis ut quam scelerisque, malesuada accumsan nisi euismod. In felis tellus, molestie scelerisque varius sed, placerat eget tellus. Class aptent taciti sociosqu ad litora torquent per conubia nostra, per inceptos himenaeos. Sed iaculis tincidunt ex, ut feugiat mauris condimentum a. Nam blandit, ex mollis volutpat molestie, dolor enim dictum turpis, in tempus ex felis suscipit nunc. In scelerisque urna risus, ac sollicitudin turpis hendrerit et. Sed quis efficitur tellus, sit amet gravida sapien. Aliquam sit amet condimentum nulla.", "slug": "how-to-order-a-product"}}, {"model": "admins.faq", "pk": 6, "fields": {"title": "Sharing My Wishlist", "content": "Lorem ipsum dolor sit amet, consectetur adipiscing elit. Vivamus eget purus ac purus iaculis bibendum sit amet eget nisi. Praesent aliquet lectus dapibus felis volutpat porttitor. Cras vehicula turpis ut quam scelerisque, malesuada accumsan nisi euismod. In felis tellus, molestie scelerisque varius sed, placerat eget tellus. Class aptent taciti sociosqu ad litora torquent per conubia nostra, per inceptos himenaeos. Sed iaculis tincidunt ex, ut feugiat mauris condimentum a. Nam blandit, ex mollis volutpat molestie, dolor enim dictum turpis, in tempus ex felis suscipit nunc. In scelerisque urna risus, ac sollicitudin turpis hendrerit et. Sed quis efficitur tellus, sit amet gravida sapien. Aliquam sit amet condimentum nulla.", "slug": "sharing-my-wishlist"}}, {"model": "admins.banner", "pk": 2, "fields": {"image": "banner_pics/image.jpg"}}, {"model": "admin.logentry", "pk": 1, "fields": {"action_time": "2020-07-19T07:09:46.033Z", "user": 1, "content_type": 3, "object_id": "1", "object_repr": "Admin", "action_flag": 1, "change_message": "[{\"added\": {}}]"}}, {"model": "admin.logentry", "pk": 2, "fields": {"action_time": "2020-07-19T07:10:05.108Z", "user": 1, "content_type": 4, "object_id": "1", "object_repr": "megadmin", "action_flag": 2, "change_message": "[{\"changed\": {\"fields\": [\"Groups\"]}}]"}}, {"model": "admin.logentry", "pk": 3, "fields": {"action_time": "2020-07-19T07:27:03.659Z", "user": 1, "content_type": 3, "object_id": "1", "object_repr": "Admin", "action_flag": 3, "change_message": ""}}, {"model": "admin.logentry", "pk": 4, "fields": {"action_time": "2020-07-19T09:31:14.772Z", "user": 1, "content_type": 4, "object_id": "2", "object_repr": "testuser", "action_flag": 3, "change_message": ""}}, {"model": "admin.logentry", "pk": 5, "fields": {"action_time": "2020-07-19T09:36:56.298Z", "user": 1, "content_type": 4, "object_id": "3", "object_repr": "testuser", "action_flag": 3, "change_message": ""}}, {"model": "admin.logentry", "pk": 6, "fields": {"action_time": "2020-07-19T09:40:50.761Z", "user": 1, "content_type": 4, "object_id": "4", "object_repr": "testuser3", "action_flag": 3, "change_message": ""}}, {"model": "admin.logentry", "pk": 7, "fields": {"action_time": "2020-07-19T12:01:12.141Z", "user": 1, "content_type": 4, "object_id": "5", "object_repr": "testuser4", "action_flag": 3, "change_message": ""}}, {"model": "admin.logentry", "pk": 8, "fields": {"action_time": "2020-07-23T16:19:56.782Z", "user": 1, "content_type": 3, "object_id": "2", "object_repr": "Admin", "action_flag": 1, "change_message": "[{\"added\": {}}]"}}, {"model": "admin.logentry", "pk": 9, "fields": {"action_time": "2020-07-23T16:20:23.066Z", "user": 1, "content_type": 4, "object_id": "7", "object_repr": "testadmin", "action_flag": 2, "change_message": "[{\"changed\": {\"fields\": [\"Groups\"]}}]"}}, {"model": "admin.logentry", "pk": 10, "fields": {"action_time": "2020-07-23T16:20:43.605Z", "user": 1, "content_type": 4, "object_id": "1", "object_repr": "megadmin", "action_flag": 2, "change_message": "[{\"changed\": {\"fields\": [\"Groups\"]}}]"}}, {"model": "admin.logentry", "pk": 11, "fields": {"action_time": "2020-07-23T19:20:08.598Z", "user": 1, "content_type": 9, "object_id": "1", "object_repr": "None", "action_flag": 3, "change_message": ""}}, {"model": "admin.logentry", "pk": 12, "fields": {"action_time": "2020-07-24T04:43:38.326Z", "user": 1, "content_type": 3, "object_id": "3", "object_repr": "Buyer", "action_flag": 1, "change_message": "[{\"added\": {}}]"}}, {"model": "admin.logentry", "pk": 13, "fields": {"action_time": "2020-07-24T04:43:42.225Z", "user": 1, "content_type": 3, "object_id": "4", "object_repr": "Vendor", "action_flag": 1, "change_message": "[{\"added\": {}}]"}}, {"model": "admin.logentry", "pk": 14, "fields": {"action_time": "2020-07-24T05:05:26.028Z", "user": 1, "content_type": 9, "object_id": "4", "object_repr": "jj", "action_flag": 3, "change_message": ""}}, {"model": "admin.logentry", "pk": 15, "fields": {"action_time": "2020-07-24T05:05:26.031Z", "user": 1, "content_type": 9, "object_id": "3", "object_repr": "jj", "action_flag": 3, "change_message": ""}}, {"model": "admin.logentry", "pk": 16, "fields": {"action_time": "2020-07-24T05:05:26.033Z", "user": 1, "content_type": 9, "object_id": "2", "object_repr": "None", "action_flag": 3, "change_message": ""}}, {"model": "admin.logentry", "pk": 17, "fields": {"action_time": "2020-07-24T05:05:54.623Z", "user": 1, "content_type": 4, "object_id": "1", "object_repr": "megadmin", "action_flag": 2, "change_message": "[{\"changed\": {\"fields\": [\"Groups\"]}}]"}}, {"model": "admin.logentry", "pk": 18, "fields": {"action_time": "2020-07-24T05:18:14.239Z", "user": 1, "content_type": 4, "object_id": "1", "object_repr": "megadmin", "action_flag": 2, "change_message": "[{\"changed\": {\"fields\": [\"Groups\"]}}]"}}, {"model": "admin.logentry", "pk": 19, "fields": {"action_time": "2020-07-24T05:25:22.731Z", "user": 1, "content_type": 9, "object_id": "5", "object_repr": "None", "action_flag": 3, "change_message": ""}}, {"model": "admin.logentry", "pk": 20, "fields": {"action_time": "2020-07-24T05:25:39.865Z", "user": 1, "content_type": 4, "object_id": "1", "object_repr": "megadmin", "action_flag": 2, "change_message": "[{\"changed\": {\"fields\": [\"Groups\"]}}]"}}, {"model": "admin.logentry", "pk": 21, "fields": {"action_time": "2020-07-24T05:38:14.615Z", "user": 1, "content_type": 4, "object_id": "1", "object_repr": "megadmin", "action_flag": 2, "change_message": "[{\"changed\": {\"fields\": [\"Groups\"]}}]"}}, {"model": "admin.logentry", "pk": 22, "fields": {"action_time": "2020-07-24T05:38:27.192Z", "user": 1, "content_type": 9, "object_id": "6", "object_repr": "None", "action_flag": 3, "change_message": ""}}, {"model": "admin.logentry", "pk": 23, "fields": {"action_time": "2020-07-24T18:21:07.762Z", "user": 1, "content_type": 4, "object_id": "7", "object_repr": "testadmin", "action_flag": 2, "change_message": "[{\"changed\": {\"fields\": [\"Groups\"]}}]"}}, {"model": "admin.logentry", "pk": 24, "fields": {"action_time": "2020-07-31T08:14:38.808Z", "user": 1, "content_type": 11, "object_id": "5", "object_repr": "test4", "action_flag": 3, "change_message": ""}}, {"model": "admin.logentry", "pk": 25, "fields": {"action_time": "2020-07-31T08:14:38.810Z", "user": 1, "content_type": 11, "object_id": "2", "object_repr": "test-product", "action_flag": 3, "change_message": ""}}, {"model": "admin.logentry", "pk": 26, "fields": {"action_time": "2020-07-31T08:14:38.812Z", "user": 1, "content_type": 11, "object_id": "1", "object_repr": "cheetos", "action_flag": 3, "change_message": ""}}, {"model": "admin.logentry", "pk": 27, "fields": {"action_time": "2020-07-31T12:32:50.903Z", "user": 1, "content_type": 11, "object_id": "6", "object_repr": "test-product", "action_flag": 3, "change_message": ""}}, {"model": "admin.logentry", "pk": 28, "fields": {"action_time": "2020-07-31T15:27:45.808Z", "user": 1, "content_type": 11, "object_id": "1", "object_repr": "test-product", "action_flag": 3, "change_message": ""}}, {"model": "admin.logentry", "pk": 29, "fields": {"action_time": "2020-08-02T09:25:13.707Z", "user": 1, "content_type": 9, "object_id": "7", "object_repr": "Swag Toogle", "action_flag": 3, "change_message": ""}}, {"model": "admin.logentry", "pk": 30, "fields": {"action_time": "2020-08-02T09:25:22.661Z", "user": 1, "content_type": 8, "object_id": "1", "object_repr": "Meg's Magic Store", "action_flag": 3, "change_message": ""}}, {"model": "admin.logentry", "pk": 31, "fields": {"action_time": "2020-08-02T09:27:41.084Z", "user": 1, "content_type": 11, "object_id": "3", "object_repr": "test-product", "action_flag": 3, "change_message": ""}}, {"model": "admin.logentry", "pk": 32, "fields": {"action_time": "2020-08-02T09:27:52.554Z", "user": 1, "content_type": 8, "object_id": "1", "object_repr": "Meg's Magic Store", "action_flag": 3, "change_message": ""}}, {"model": "admin.logentry", "pk": 33, "fields": {"action_time": "2020-08-02T10:26:39.446Z", "user": 1, "content_type": 9, "object_id": "1", "object_repr": "Nice BUyer", "action_flag": 3, "change_message": ""}}, {"model": "admin.logentry", "pk": 34, "fields": {"action_time": "2020-08-02T10:28:24.989Z", "user": 1, "content_type": 4, "object_id": "6", "object_repr": "testuser", "action_flag": 2, "change_message": "[{\"changed\": {\"fields\": [\"Groups\"]}}]"}}, {"model": "admin.logentry", "pk": 35, "fields": {"action_time": "2020-08-02T10:33:32.144Z", "user": 1, "content_type": 4, "object_id": "1", "object_repr": "megadmin", "action_flag": 2, "change_message": "[{\"changed\": {\"fields\": [\"Groups\"]}}]"}}, {"model": "admin.logentry", "pk": 36, "fields": {"action_time": "2020-08-05T19:16:33.140Z", "user": 1, "content_type": 21, "object_id": "1", "object_repr": "test-product", "action_flag": 3, "change_message": ""}}, {"model": "admin.logentry", "pk": 37, "fields": {"action_time": "2020-08-05T19:17:40.186Z", "user": 1, "content_type": 21, "object_id": "2", "object_repr": "test-product", "action_flag": 3, "change_message": ""}}, {"model": "admin.logentry", "pk": 38, "fields": {"action_time": "2020-08-05T19:26:00.841Z", "user": 1, "content_type": 21, "object_id": "3", "object_repr": "test-product", "action_flag": 3, "change_message": ""}}, {"model": "admin.logentry", "pk": 39, "fields": {"action_time": "2020-08-05T19:34:58.286Z", "user": 1, "content_type": 21, "object_id": "4", "object_repr": "test-product", "action_flag": 3, "change_message": ""}}, {"model": "admin.logentry", "pk": 40, "fields": {"action_time": "2020-08-05T19:36:31.753Z", "user": 1, "content_type": 21, "object_id": "5", "object_repr": "test-product", "action_flag": 3, "change_message": ""}}, {"model": "admin.logentry", "pk": 41, "fields": {"action_time": "2020-08-06T12:53:18.180Z", "user": 1, "content_type": 21, "object_id": "6", "object_repr": "test-product", "action_flag": 3, "change_message": ""}}, {"model": "admin.logentry", "pk": 42, "fields": {"action_time": "2020-08-06T13:12:33.642Z", "user": 1, "content_type": 21, "object_id": "7", "object_repr": "test-product", "action_flag": 3, "change_message": ""}}, {"model": "admin.logentry", "pk": 43, "fields": {"action_time": "2020-08-06T13:15:05.062Z", "user": 1, "content_type": 21, "object_id": "8", "object_repr": "test-product", "action_flag": 3, "change_message": ""}}, {"model": "admin.logentry", "pk": 44, "fields": {"action_time": "2020-08-06T13:48:21.732Z", "user": 1, "content_type": 21, "object_id": "9", "object_repr": "test-product", "action_flag": 3, "change_message": ""}}, {"model": "admin.logentry", "pk": 45, "fields": {"action_time": "2020-08-06T14:09:25.827Z", "user": 1, "content_type": 21, "object_id": "10", "object_repr": "test-product", "action_flag": 3, "change_message": ""}}, {"model": "admin.logentry", "pk": 46, "fields": {"action_time": "2020-08-06T14:10:26.930Z", "user": 1, "content_type": 21, "object_id": "11", "object_repr": "test-product", "action_flag": 3, "change_message": ""}}, {"model": "admin.logentry", "pk": 47, "fields": {"action_time": "2020-08-06T14:11:28.030Z", "user": 1, "content_type": 21, "object_id": "12", "object_repr": "test-product", "action_flag": 3, "change_message": ""}}, {"model": "admin.logentry", "pk": 48, "fields": {"action_time": "2020-08-07T15:34:29.136Z", "user": 1, "content_type": 23, "object_id": "1", "object_repr": "test-product-2", "action_flag": 3, "change_message": ""}}, {"model": "admin.logentry", "pk": 49, "fields": {"action_time": "2020-08-15T15:55:35.454Z", "user": 1, "content_type": 20, "object_id": "6", "object_repr": "testadmin", "action_flag": 3, "change_message": ""}}, {"model": "admin.logentry", "pk": 50, "fields": {"action_time": "2020-08-15T15:55:35.457Z", "user": 1, "content_type": 20, "object_id": "5", "object_repr": "testadmin", "action_flag": 3, "change_message": ""}}, {"model": "admin.logentry", "pk": 51, "fields": {"action_time": "2020-08-15T15:55:35.461Z", "user": 1, "content_type": 20, "object_id": "4", "object_repr": "testadmin", "action_flag": 3, "change_message": ""}}, {"model": "admin.logentry", "pk": 52, "fields": {"action_time": "2020-08-15T15:55:35.464Z", "user": 1, "content_type": 20, "object_id": "3", "object_repr": "testadmin", "action_flag": 3, "change_message": ""}}, {"model": "admin.logentry", "pk": 53, "fields": {"action_time": "2020-08-15T15:55:35.467Z", "user": 1, "content_type": 20, "object_id": "2", "object_repr": "testadmin", "action_flag": 3, "change_message": ""}}, {"model": "admin.logentry", "pk": 54, "fields": {"action_time": "2020-08-15T15:55:35.469Z", "user": 1, "content_type": 20, "object_id": "1", "object_repr": "testadmin", "action_flag": 3, "change_message": ""}}, {"model": "admin.logentry", "pk": 55, "fields": {"action_time": "2020-08-15T16:49:52.940Z", "user": 1, "content_type": 20, "object_id": "7", "object_repr": "testadmin", "action_flag": 3, "change_message": ""}}, {"model": "admin.logentry", "pk": 56, "fields": {"action_time": "2020-08-15T18:32:47.598Z", "user": 1, "content_type": 20, "object_id": "1", "object_repr": "megadmin", "action_flag": 3, "change_message": ""}}, {"model": "admin.logentry", "pk": 57, "fields": {"action_time": "2020-08-18T07:51:40.228Z", "user": 1, "content_type": 20, "object_id": "11", "object_repr": "megadmin", "action_flag": 3, "change_message": ""}}, {"model": "admin.logentry", "pk": 58, "fields": {"action_time": "2020-08-18T07:51:40.231Z", "user": 1, "content_type": 20, "object_id": "10", "object_repr": "megadmin", "action_flag": 3, "change_message": ""}}, {"model": "admin.logentry", "pk": 59, "fields": {"action_time": "2020-08-18T07:51:40.233Z", "user": 1, "content_type": 20, "object_id": "3", "object_repr": "megadmin", "action_flag": 3, "change_message": ""}}, {"model": "admin.logentry", "pk": 60, "fields": {"action_time": "2020-08-18T07:58:46.829Z", "user": 1, "content_type": 20, "object_id": "12", "object_repr": "testadmin", "action_flag": 3, "change_message": ""}}, {"model": "admin.logentry", "pk": 61, "fields": {"action_time": "2020-08-18T08:03:03.665Z", "user": 1, "content_type": 23, "object_id": "61", "object_repr": "Test-proddy", "action_flag": 3, "change_message": ""}}, {"model": "admin.logentry", "pk": 62, "fields": {"action_time": "2020-08-18T08:03:03.671Z", "user": 1, "content_type": 23, "object_id": "60", "object_repr": "test-product-2", "action_flag": 3, "change_message": ""}}, {"model": "admin.logentry", "pk": 63, "fields": {"action_time": "2020-08-18T08:03:03.673Z", "user": 1, "content_type": 23, "object_id": "57", "object_repr": "test-product-2", "action_flag": 3, "change_message": ""}}, {"model": "admin.logentry", "pk": 64, "fields": {"action_time": "2020-08-18T08:03:34.130Z", "user": 1, "content_type": 23, "object_id": "62", "object_repr": "test-product-2", "action_flag": 3, "change_message": ""}}, {"model": "admin.logentry", "pk": 65, "fields": {"action_time": "2020-08-18T08:20:55.044Z", "user": 1, "content_type": 23, "object_id": "63", "object_repr": "test-product-2", "action_flag": 3, "change_message": ""}}, {"model": "admin.logentry", "pk": 66, "fields": {"action_time": "2020-08-18T08:21:06.230Z", "user": 1, "content_type": 20, "object_id": "13", "object_repr": "megadmin", "action_flag": 3, "change_message": ""}}, {"model": "admin.logentry", "pk": 67, "fields": {"action_time": "2020-08-18T08:26:15.382Z", "user": 1, "content_type": 20, "object_id": "14", "object_repr": "megadmin", "action_flag": 3, "change_message": ""}}, {"model": "admin.logentry", "pk": 68, "fields": {"action_time": "2020-08-18T08:26:20.332Z", "user": 1, "content_type": 23, "object_id": "68", "object_repr": "Test-proddy", "action_flag": 3, "change_message": ""}}, {"model": "admin.logentry", "pk": 69, "fields": {"action_time": "2020-08-18T08:26:20.337Z", "user": 1, "content_type": 23, "object_id": "67", "object_repr": "test-product", "action_flag": 3, "change_message": ""}}, {"model": "admin.logentry", "pk": 70, "fields": {"action_time": "2020-08-18T08:26:20.340Z", "user": 1, "content_type": 23, "object_id": "66", "object_repr": "test-product-2", "action_flag": 3, "change_message": ""}}, {"model": "admin.logentry", "pk": 71, "fields": {"action_time": "2020-08-18T08:27:36.826Z", "user": 1, "content_type": 20, "object_id": "15", "object_repr": "megadmin", "action_flag": 3, "change_message": ""}}, {"model": "admin.logentry", "pk": 72, "fields": {"action_time": "2020-08-18T08:27:43.451Z", "user": 1, "content_type": 23, "object_id": "71", "object_repr": "Test-proddy", "action_flag": 3, "change_message": ""}}, {"model": "admin.logentry", "pk": 73, "fields": {"action_time": "2020-08-18T08:27:43.455Z", "user": 1, "content_type": 23, "object_id": "70", "object_repr": "test-product", "action_flag": 3, "change_message": ""}}, {"model": "admin.logentry", "pk": 74, "fields": {"action_time": "2020-08-18T08:27:43.458Z", "user": 1, "content_type": 23, "object_id": "69", "object_repr": "test-product-2", "action_flag": 3, "change_message": ""}}, {"model": "admin.logentry", "pk": 75, "fields": {"action_time": "2020-08-18T08:31:07.915Z", "user": 1, "content_type": 20, "object_id": "16", "object_repr": "megadmin", "action_flag": 3, "change_message": ""}}, {"model": "admin.logentry", "pk": 76, "fields": {"action_time": "2020-08-18T08:33:50.591Z", "user": 1, "content_type": 20, "object_id": "19", "object_repr": "megadmin", "action_flag": 3, "change_message": ""}}, {"model": "admin.logentry", "pk": 77, "fields": {"action_time": "2020-08-18T08:33:50.596Z", "user": 1, "content_type": 20, "object_id": "18", "object_repr": "megadmin", "action_flag": 3, "change_message": ""}}, {"model": "admin.logentry", "pk": 78, "fields": {"action_time": "2020-08-18T08:33:50.598Z", "user": 1, "content_type": 20, "object_id": "17", "object_repr": "megadmin", "action_flag": 3, "change_message": ""}}, {"model": "admin.logentry", "pk": 79, "fields": {"action_time": "2020-08-18T08:34:23.647Z", "user": 1, "content_type": 20, "object_id": "21", "object_repr": "megadmin", "action_flag": 3, "change_message": ""}}, {"model": "admin.logentry", "pk": 80, "fields": {"action_time": "2020-08-18T08:34:23.650Z", "user": 1, "content_type": 20, "object_id": "20", "object_repr": "megadmin", "action_flag": 3, "change_message": ""}}, {"model": "admin.logentry", "pk": 81, "fields": {"action_time": "2020-08-18T10:25:14.608Z", "user": 1, "content_type": 19, "object_id": "1", "object_repr": "megadmin", "action_flag": 3, "change_message": ""}}, {"model": "admin.logentry", "pk": 82, "fields": {"action_time": "2020-08-18T14:12:35.559Z", "user": 1, "content_type": 19, "object_id": "3", "object_repr": "megadmin", "action_flag": 3, "change_message": ""}}, {"model": "admin.logentry", "pk": 83, "fields": {"action_time": "2020-08-18T14:12:43.608Z", "user": 1, "content_type": 24, "object_id": "1", "object_repr": "megadmin", "action_flag": 3, "change_message": ""}}, {"model": "admin.logentry", "pk": 84, "fields": {"action_time": "2020-08-25T15:59:50.772Z", "user": 1, "content_type": 4, "object_id": "7", "object_repr": "testadmin", "action_flag": 3, "change_message": ""}}, {"model": "admin.logentry", "pk": 85, "fields": {"action_time": "2020-08-25T15:59:50.774Z", "user": 1, "content_type": 4, "object_id": "6", "object_repr": "testuser", "action_flag": 3, "change_message": ""}}, {"model": "admin.logentry", "pk": 86, "fields": {"action_time": "2020-08-25T16:00:26.047Z", "user": 1, "content_type": 20, "object_id": "23", "object_repr": "megadmin", "action_flag": 3, "change_message": ""}}, {"model": "admin.logentry", "pk": 87, "fields": {"action_time": "2020-08-25T16:00:26.051Z", "user": 1, "content_type": 20, "object_id": "22", "object_repr": "megadmin", "action_flag": 3, "change_message": ""}}, {"model": "admin.logentry", "pk": 88, "fields": {"action_time": "2020-08-25T16:00:50.889Z", "user": 1, "content_type": 17, "object_id": "2", "object_repr": "cool", "action_flag": 3, "change_message": ""}}, {"model": "admin.logentry", "pk": 89, "fields": {"action_time": "2020-08-25T16:00:50.892Z", "user": 1, "content_type": 17, "object_id": "3", "object_repr": "little", "action_flag": 3, "change_message": ""}}, {"model": "admin.logentry", "pk": 90, "fields": {"action_time": "2020-08-25T16:00:50.894Z", "user": 1, "content_type": 17, "object_id": "1", "object_repr": "nice", "action_flag": 3, "change_message": ""}}, {"model": "admin.logentry", "pk": 91, "fields": {"action_time": "2020-08-25T16:00:50.896Z", "user": 1, "content_type": 17, "object_id": "4", "object_repr": "smart", "action_flag": 3, "change_message": ""}}, {"model": "admin.logentry", "pk": 92, "fields": {"action_time": "2020-08-25T16:00:50.898Z", "user": 1, "content_type": 17, "object_id": "5", "object_repr": "tiny", "action_flag": 3, "change_message": ""}}, {"model": "admin.logentry", "pk": 93, "fields": {"action_time": "2020-08-25T16:44:03.548Z", "user": 1, "content_type": 4, "object_id": "1", "object_repr": "megadmin", "action_flag": 2, "change_message": "[{\"changed\": {\"fields\": [\"First name\", \"Last name\"]}}]"}}, {"model": "admin.logentry", "pk": 94, "fields": {"action_time": "2020-08-25T16:44:17.302Z", "user": 1, "content_type": 4, "object_id": "8", "object_repr": "test-admin", "action_flag": 2, "change_message": "[{\"changed\": {\"fields\": [\"First name\", \"Last name\"]}}]"}}, {"model": "admin.logentry", "pk": 95, "fields": {"action_time": "2020-08-25T16:44:24.664Z", "user": 1, "content_type": 4, "object_id": "10", "object_repr": "test-buyer", "action_flag": 2, "change_message": "[{\"changed\": {\"fields\": [\"First name\", \"Last name\"]}}]"}}, {"model": "admin.logentry", "pk": 96, "fields": {"action_time": "2020-08-25T16:44:33.084Z", "user": 1, "content_type": 4, "object_id": "9", "object_repr": "test-store", "action_flag": 2, "change_message": "[{\"changed\": {\"fields\": [\"First name\", \"Last name\"]}}]"}}, {"model": "admin.logentry", "pk": 97, "fields": {"action_time": "2020-08-25T16:44:41.930Z", "user": 1, "content_type": 4, "object_id": "11", "object_repr": "test-user", "action_flag": 2, "change_message": "[{\"changed\": {\"fields\": [\"First name\", \"Last name\"]}}]"}}, {"model": "admin.logentry", "pk": 98, "fields": {"action_time": "2020-08-25T16:45:24.435Z", "user": 1, "content_type": 4, "object_id": "8", "object_repr": "test-admin", "action_flag": 2, "change_message": "[{\"changed\": {\"fields\": [\"Staff status\", \"Groups\"]}}]"}}, {"model": "admin.logentry", "pk": 99, "fields": {"action_time": "2020-08-25T16:49:00.988Z", "user": 1, "content_type": 4, "object_id": "8", "object_repr": "test-admin", "action_flag": 2, "change_message": "[{\"changed\": {\"fields\": [\"Groups\"]}}]"}}, {"model": "admin.logentry", "pk": 100, "fields": {"action_time": "2020-08-25T16:49:12.059Z", "user": 1, "content_type": 4, "object_id": "8", "object_repr": "test-admin", "action_flag": 2, "change_message": "[{\"changed\": {\"fields\": [\"Staff status\"]}}]"}}, {"model": "admin.logentry", "pk": 101, "fields": {"action_time": "2020-08-27T14:48:33.186Z", "user": 1, "content_type": 4, "object_id": "7", "object_repr": "testadmin", "action_flag": 3, "change_message": ""}}, {"model": "admin.logentry", "pk": 102, "fields": {"action_time": "2020-08-27T14:48:33.189Z", "user": 1, "content_type": 4, "object_id": "6", "object_repr": "testuser", "action_flag": 3, "change_message": ""}}, {"model": "admin.logentry", "pk": 103, "fields": {"action_time": "2020-08-27T14:49:35.045Z", "user": 1, "content_type": 17, "object_id": "2", "object_repr": "cool", "action_flag": 3, "change_message": ""}}, {"model": "admin.logentry", "pk": 104, "fields": {"action_time": "2020-08-27T14:49:35.047Z", "user": 1, "content_type": 17, "object_id": "3", "object_repr": "little", "action_flag": 3, "change_message": ""}}, {"model": "admin.logentry", "pk": 105, "fields": {"action_time": "2020-08-27T14:49:35.051Z", "user": 1, "content_type": 17, "object_id": "1", "object_repr": "nice", "action_flag": 3, "change_message": ""}}, {"model": "admin.logentry", "pk": 106, "fields": {"action_time": "2020-08-27T14:49:35.053Z", "user": 1, "content_type": 17, "object_id": "4", "object_repr": "smart", "action_flag": 3, "change_message": ""}}, {"model": "admin.logentry", "pk": 107, "fields": {"action_time": "2020-08-27T14:49:35.055Z", "user": 1, "content_type": 17, "object_id": "5", "object_repr": "tiny", "action_flag": 3, "change_message": ""}}, {"model": "admin.logentry", "pk": 108, "fields": {"action_time": "2020-08-27T14:51:23.548Z", "user": 1, "content_type": 20, "object_id": "23", "object_repr": "megadmin", "action_flag": 3, "change_message": ""}}, {"model": "admin.logentry", "pk": 109, "fields": {"action_time": "2020-08-27T14:51:23.551Z", "user": 1, "content_type": 20, "object_id": "22", "object_repr": "megadmin", "action_flag": 3, "change_message": ""}}, {"model": "admin.logentry", "pk": 110, "fields": {"action_time": "2020-08-31T06:22:04.416Z", "user": 1, "content_type": 20, "object_id": "24", "object_repr": "test-user", "action_flag": 3, "change_message": ""}}, {"model": "admin.logentry", "pk": 111, "fields": {"action_time": "2020-09-19T10:59:15.191Z", "user": 1, "content_type": 4, "object_id": "8", "object_repr": "test-admin", "action_flag": 3, "change_message": ""}}, {"model": "admin.logentry", "pk": 112, "fields": {"action_time": "2020-09-19T10:59:15.194Z", "user": 1, "content_type": 4, "object_id": "10", "object_repr": "test-buyer", "action_flag": 3, "change_message": ""}}, {"model": "admin.logentry", "pk": 113, "fields": {"action_time": "2020-09-19T10:59:15.196Z", "user": 1, "content_type": 4, "object_id": "9", "object_repr": "test-store", "action_flag": 3, "change_message": ""}}, {"model": "admin.logentry", "pk": 114, "fields": {"action_time": "2020-09-19T10:59:15.198Z", "user": 1, "content_type": 4, "object_id": "12", "object_repr": "test-store-2", "action_flag": 3, "change_message": ""}}, {"model": "admin.logentry", "pk": 115, "fields": {"action_time": "2020-09-19T10:59:15.200Z", "user": 1, "content_type": 4, "object_id": "11", "object_repr": "test-user", "action_flag": 3, "change_message": ""}}, {"model": "admin.logentry", "pk": 116, "fields": {"action_time": "2020-09-19T10:59:32.850Z", "user": 1, "content_type": 17, "object_id": "10", "object_repr": "black", "action_flag": 3, "change_message": ""}}, {"model": "admin.logentry", "pk": 117, "fields": {"action_time": "2020-09-19T10:59:32.853Z", "user": 1, "content_type": 17, "object_id": "6", "object_repr": "cheap", "action_flag": 3, "change_message": ""}}, {"model": "admin.logentry", "pk": 118, "fields": {"action_time": "2020-09-19T10:59:32.855Z", "user": 1, "content_type": 17, "object_id": "15", "object_repr": "cool", "action_flag": 3, "change_message": ""}}, {"model": "admin.logentry", "pk": 119, "fields": {"action_time": "2020-09-19T10:59:32.856Z", "user": 1, "content_type": 17, "object_id": "7", "object_repr": "hd", "action_flag": 3, "change_message": ""}}, {"model": "admin.logentry", "pk": 120, "fields": {"action_time": "2020-09-19T10:59:32.859Z", "user": 1, "content_type": 17, "object_id": "13", "object_repr": "light", "action_flag": 3, "change_message": ""}}, {"model": "admin.logentry", "pk": 121, "fields": {"action_time": "2020-09-19T10:59:32.862Z", "user": 1, "content_type": 17, "object_id": "11", "object_repr": "mousepad", "action_flag": 3, "change_message": ""}}, {"model": "admin.logentry", "pk": 122, "fields": {"action_time": "2020-09-19T10:59:32.864Z", "user": 1, "content_type": 17, "object_id": "16", "object_repr": "nice", "action_flag": 3, "change_message": ""}}, {"model": "admin.logentry", "pk": 123, "fields": {"action_time": "2020-09-19T10:59:32.866Z", "user": 1, "content_type": 17, "object_id": "14", "object_repr": "rgb", "action_flag": 3, "change_message": ""}}, {"model": "admin.logentry", "pk": 124, "fields": {"action_time": "2020-09-19T10:59:32.868Z", "user": 1, "content_type": 17, "object_id": "8", "object_repr": "tinky", "action_flag": 3, "change_message": ""}}, {"model": "admin.logentry", "pk": 125, "fields": {"action_time": "2020-09-19T10:59:32.870Z", "user": 1, "content_type": 17, "object_id": "12", "object_repr": "white", "action_flag": 3, "change_message": ""}}, {"model": "admin.logentry", "pk": 126, "fields": {"action_time": "2020-09-19T10:59:32.871Z", "user": 1, "content_type": 17, "object_id": "9", "object_repr": "zoom", "action_flag": 3, "change_message": ""}}, {"model": "admin.logentry", "pk": 127, "fields": {"action_time": "2020-10-18T08:41:07.179Z", "user": 1, "content_type": 43, "object_id": "1", "object_repr": "Banner object (1)", "action_flag": 1, "change_message": "[{\"added\": {}}]"}}, {"model": "admin.logentry", "pk": 128, "fields": {"action_time": "2020-10-18T09:03:52.513Z", "user": 1, "content_type": 45, "object_id": "1", "object_repr": "Banner object (1)", "action_flag": 1, "change_message": "[{\"added\": {}}]"}}, {"model": "admin.logentry", "pk": 129, "fields": {"action_time": "2020-10-18T10:23:48.549Z", "user": 1, "content_type": 45, "object_id": "1", "object_repr": "Banner object (1)", "action_flag": 3, "change_message": ""}}, {"model": "admin.logentry", "pk": 130, "fields": {"action_time": "2020-10-18T10:23:55.495Z", "user": 1, "content_type": 45, "object_id": "2", "object_repr": "Banner object (2)", "action_flag": 1, "change_message": "[{\"added\": {}}]"}}, {"model": "admin.logentry", "pk": 131, "fields": {"action_time": "2020-10-24T15:47:30.021Z", "user": 1, "content_type": 39, "object_id": "1", "object_repr": "500", "action_flag": 1, "change_message": "[{\"added\": {}}]"}}, {"model": "admin.logentry", "pk": 132, "fields": {"action_time": "2020-10-28T14:15:27.518Z", "user": 1, "content_type": 3, "object_id": "5", "object_repr": "Provider", "action_flag": 1, "change_message": "[{\"added\": {}}]"}}, {"model": "auth.permission", "pk": 1, "fields": {"name": "Can add log entry", "content_type": 1, "codename": "add_logentry"}}, {"model": "auth.permission", "pk": 2, "fields": {"name": "Can change log entry", "content_type": 1, "codename": "change_logentry"}}, {"model": "auth.permission", "pk": 3, "fields": {"name": "Can delete log entry", "content_type": 1, "codename": "delete_logentry"}}, {"model": "auth.permission", "pk": 4, "fields": {"name": "Can view log entry", "content_type": 1, "codename": "view_logentry"}}, {"model": "auth.permission", "pk": 5, "fields": {"name": "Can add permission", "content_type": 2, "codename": "add_permission"}}, {"model": "auth.permission", "pk": 6, "fields": {"name": "Can change permission", "content_type": 2, "codename": "change_permission"}}, {"model": "auth.permission", "pk": 7, "fields": {"name": "Can delete permission", "content_type": 2, "codename": "delete_permission"}}, {"model": "auth.permission", "pk": 8, "fields": {"name": "Can view permission", "content_type": 2, "codename": "view_permission"}}, {"model": "auth.permission", "pk": 9, "fields": {"name": "Can add group", "content_type": 3, "codename": "add_group"}}, {"model": "auth.permission", "pk": 10, "fields": {"name": "Can change group", "content_type": 3, "codename": "change_group"}}, {"model": "auth.permission", "pk": 11, "fields": {"name": "Can delete group", "content_type": 3, "codename": "delete_group"}}, {"model": "auth.permission", "pk": 12, "fields": {"name": "Can view group", "content_type": 3, "codename": "view_group"}}, {"model": "auth.permission", "pk": 13, "fields": {"name": "Can add user", "content_type": 4, "codename": "add_user"}}, {"model": "auth.permission", "pk": 14, "fields": {"name": "Can change user", "content_type": 4, "codename": "change_user"}}, {"model": "auth.permission", "pk": 15, "fields": {"name": "Can delete user", "content_type": 4, "codename": "delete_user"}}, {"model": "auth.permission", "pk": 16, "fields": {"name": "Can view user", "content_type": 4, "codename": "view_user"}}, {"model": "auth.permission", "pk": 17, "fields": {"name": "Can add content type", "content_type": 5, "codename": "add_contenttype"}}, {"model": "auth.permission", "pk": 18, "fields": {"name": "Can change content type", "content_type": 5, "codename": "change_contenttype"}}, {"model": "auth.permission", "pk": 19, "fields": {"name": "Can delete content type", "content_type": 5, "codename": "delete_contenttype"}}, {"model": "auth.permission", "pk": 20, "fields": {"name": "Can view content type", "content_type": 5, "codename": "view_contenttype"}}, {"model": "auth.permission", "pk": 21, "fields": {"name": "Can add session", "content_type": 6, "codename": "add_session"}}, {"model": "auth.permission", "pk": 22, "fields": {"name": "Can change session", "content_type": 6, "codename": "change_session"}}, {"model": "auth.permission", "pk": 23, "fields": {"name": "Can delete session", "content_type": 6, "codename": "delete_session"}}, {"model": "auth.permission", "pk": 24, "fields": {"name": "Can view session", "content_type": 6, "codename": "view_session"}}, {"model": "auth.permission", "pk": 25, "fields": {"name": "Can add profile", "content_type": 7, "codename": "add_profile"}}, {"model": "auth.permission", "pk": 26, "fields": {"name": "Can change profile", "content_type": 7, "codename": "change_profile"}}, {"model": "auth.permission", "pk": 27, "fields": {"name": "Can delete profile", "content_type": 7, "codename": "delete_profile"}}, {"model": "auth.permission", "pk": 28, "fields": {"name": "Can view profile", "content_type": 7, "codename": "view_profile"}}, {"model": "auth.permission", "pk": 29, "fields": {"name": "Can add user", "content_type": 8, "codename": "add_user"}}, {"model": "auth.permission", "pk": 30, "fields": {"name": "Can change user", "content_type": 8, "codename": "change_user"}}, {"model": "auth.permission", "pk": 31, "fields": {"name": "Can delete user", "content_type": 8, "codename": "delete_user"}}, {"model": "auth.permission", "pk": 32, "fields": {"name": "Can view user", "content_type": 8, "codename": "view_user"}}, {"model": "auth.permission", "pk": 33, "fields": {"name": "Can add site user", "content_type": 8, "codename": "add_siteuser"}}, {"model": "auth.permission", "pk": 34, "fields": {"name": "Can change site user", "content_type": 8, "codename": "change_siteuser"}}, {"model": "auth.permission", "pk": 35, "fields": {"name": "Can delete site user", "content_type": 8, "codename": "delete_siteuser"}}, {"model": "auth.permission", "pk": 36, "fields": {"name": "Can view site user", "content_type": 8, "codename": "view_siteuser"}}, {"model": "auth.permission", "pk": 37, "fields": {"name": "Can add vendor", "content_type": 8, "codename": "add_vendor"}}, {"model": "auth.permission", "pk": 38, "fields": {"name": "Can change vendor", "content_type": 8, "codename": "change_vendor"}}, {"model": "auth.permission", "pk": 39, "fields": {"name": "Can delete vendor", "content_type": 8, "codename": "delete_vendor"}}, {"model": "auth.permission", "pk": 40, "fields": {"name": "Can view vendor", "content_type": 8, "codename": "view_vendor"}}, {"model": "auth.permission", "pk": 41, "fields": {"name": "Can add buyer", "content_type": 9, "codename": "add_buyer"}}, {"model": "auth.permission", "pk": 42, "fields": {"name": "Can change buyer", "content_type": 9, "codename": "change_buyer"}}, {"model": "auth.permission", "pk": 43, "fields": {"name": "Can delete buyer", "content_type": 9, "codename": "delete_buyer"}}, {"model": "auth.permission", "pk": 44, "fields": {"name": "Can view buyer", "content_type": 9, "codename": "view_buyer"}}, {"model": "auth.permission", "pk": 45, "fields": {"name": "Can add product term", "content_type": 10, "codename": "add_productterm"}}, {"model": "auth.permission", "pk": 46, "fields": {"name": "Can change product term", "content_type": 10, "codename": "change_productterm"}}, {"model": "auth.permission", "pk": 47, "fields": {"name": "Can delete product term", "content_type": 10, "codename": "delete_productterm"}}, {"model": "auth.permission", "pk": 48, "fields": {"name": "Can view product term", "content_type": 10, "codename": "view_productterm"}}, {"model": "auth.permission", "pk": 49, "fields": {"name": "Can add product", "content_type": 11, "codename": "add_product"}}, {"model": "auth.permission", "pk": 50, "fields": {"name": "Can change product", "content_type": 11, "codename": "change_product"}}, {"model": "auth.permission", "pk": 51, "fields": {"name": "Can delete product", "content_type": 11, "codename": "delete_product"}}, {"model": "auth.permission", "pk": 52, "fields": {"name": "Can view product", "content_type": 11, "codename": "view_product"}}, {"model": "auth.permission", "pk": 53, "fields": {"name": "Can add term", "content_type": 12, "codename": "add_term"}}, {"model": "auth.permission", "pk": 54, "fields": {"name": "Can change term", "content_type": 12, "codename": "change_term"}}, {"model": "auth.permission", "pk": 55, "fields": {"name": "Can delete term", "content_type": 12, "codename": "delete_term"}}, {"model": "auth.permission", "pk": 56, "fields": {"name": "Can view term", "content_type": 12, "codename": "view_term"}}, {"model": "auth.permission", "pk": 57, "fields": {"name": "Can add product category", "content_type": 13, "codename": "add_productcategory"}}, {"model": "auth.permission", "pk": 58, "fields": {"name": "Can change product category", "content_type": 13, "codename": "change_productcategory"}}, {"model": "auth.permission", "pk": 59, "fields": {"name": "Can delete product category", "content_type": 13, "codename": "delete_productcategory"}}, {"model": "auth.permission", "pk": 60, "fields": {"name": "Can view product category", "content_type": 13, "codename": "view_productcategory"}}, {"model": "auth.permission", "pk": 61, "fields": {"name": "Can add category", "content_type": 14, "codename": "add_category"}}, {"model": "auth.permission", "pk": 62, "fields": {"name": "Can change category", "content_type": 14, "codename": "change_category"}}, {"model": "auth.permission", "pk": 63, "fields": {"name": "Can delete category", "content_type": 14, "codename": "delete_category"}}, {"model": "auth.permission", "pk": 64, "fields": {"name": "Can view category", "content_type": 14, "codename": "view_category"}}, {"model": "auth.permission", "pk": 65, "fields": {"name": "Can add tag", "content_type": 15, "codename": "add_tag"}}, {"model": "auth.permission", "pk": 66, "fields": {"name": "Can change tag", "content_type": 15, "codename": "change_tag"}}, {"model": "auth.permission", "pk": 67, "fields": {"name": "Can delete tag", "content_type": 15, "codename": "delete_tag"}}, {"model": "auth.permission", "pk": 68, "fields": {"name": "Can view tag", "content_type": 15, "codename": "view_tag"}}, {"model": "auth.permission", "pk": 69, "fields": {"name": "Can add tagged item", "content_type": 16, "codename": "add_taggeditem"}}, {"model": "auth.permission", "pk": 70, "fields": {"name": "Can change tagged item", "content_type": 16, "codename": "change_taggeditem"}}, {"model": "auth.permission", "pk": 71, "fields": {"name": "Can delete tagged item", "content_type": 16, "codename": "delete_taggeditem"}}, {"model": "auth.permission", "pk": 72, "fields": {"name": "Can view tagged item", "content_type": 16, "codename": "view_taggeditem"}}, {"model": "auth.permission", "pk": 73, "fields": {"name": "Can add tag", "content_type": 17, "codename": "add_tag"}}, {"model": "auth.permission", "pk": 74, "fields": {"name": "Can change tag", "content_type": 17, "codename": "change_tag"}}, {"model": "auth.permission", "pk": 75, "fields": {"name": "Can delete tag", "content_type": 17, "codename": "delete_tag"}}, {"model": "auth.permission", "pk": 76, "fields": {"name": "Can view tag", "content_type": 17, "codename": "view_tag"}}, {"model": "auth.permission", "pk": 77, "fields": {"name": "Can add tagged item", "content_type": 18, "codename": "add_taggeditem"}}, {"model": "auth.permission", "pk": 78, "fields": {"name": "Can change tagged item", "content_type": 18, "codename": "change_taggeditem"}}, {"model": "auth.permission", "pk": 79, "fields": {"name": "Can delete tagged item", "content_type": 18, "codename": "delete_taggeditem"}}, {"model": "auth.permission", "pk": 80, "fields": {"name": "Can view tagged item", "content_type": 18, "codename": "view_taggeditem"}}, {"model": "auth.permission", "pk": 81, "fields": {"name": "Can add vendor review", "content_type": 19, "codename": "add_vendorreview"}}, {"model": "auth.permission", "pk": 82, "fields": {"name": "Can change vendor review", "content_type": 19, "codename": "change_vendorreview"}}, {"model": "auth.permission", "pk": 83, "fields": {"name": "Can delete vendor review", "content_type": 19, "codename": "delete_vendorreview"}}, {"model": "auth.permission", "pk": 84, "fields": {"name": "Can view vendor review", "content_type": 19, "codename": "view_vendorreview"}}, {"model": "auth.permission", "pk": 85, "fields": {"name": "Can add site order", "content_type": 20, "codename": "add_siteorder"}}, {"model": "auth.permission", "pk": 86, "fields": {"name": "Can change site order", "content_type": 20, "codename": "change_siteorder"}}, {"model": "auth.permission", "pk": 87, "fields": {"name": "Can delete site order", "content_type": 20, "codename": "delete_siteorder"}}, {"model": "auth.permission", "pk": 88, "fields": {"name": "Can view site order", "content_type": 20, "codename": "view_siteorder"}}, {"model": "auth.permission", "pk": 89, "fields": {"name": "Can add wishlist item", "content_type": 21, "codename": "add_wishlistitem"}}, {"model": "auth.permission", "pk": 90, "fields": {"name": "Can change wishlist item", "content_type": 21, "codename": "change_wishlistitem"}}, {"model": "auth.permission", "pk": 91, "fields": {"name": "Can delete wishlist item", "content_type": 21, "codename": "delete_wishlistitem"}}, {"model": "auth.permission", "pk": 92, "fields": {"name": "Can view wishlist item", "content_type": 21, "codename": "view_wishlistitem"}}, {"model": "auth.permission", "pk": 93, "fields": {"name": "Can add order item", "content_type": 22, "codename": "add_orderitem"}}, {"model": "auth.permission", "pk": 94, "fields": {"name": "Can change order item", "content_type": 22, "codename": "change_orderitem"}}, {"model": "auth.permission", "pk": 95, "fields": {"name": "Can delete order item", "content_type": 22, "codename": "delete_orderitem"}}, {"model": "auth.permission", "pk": 96, "fields": {"name": "Can view order item", "content_type": 22, "codename": "view_orderitem"}}, {"model": "auth.permission", "pk": 97, "fields": {"name": "Can add cart item", "content_type": 23, "codename": "add_cartitem"}}, {"model": "auth.permission", "pk": 98, "fields": {"name": "Can change cart item", "content_type": 23, "codename": "change_cartitem"}}, {"model": "auth.permission", "pk": 99, "fields": {"name": "Can delete cart item", "content_type": 23, "codename": "delete_cartitem"}}, {"model": "auth.permission", "pk": 100, "fields": {"name": "Can view cart item", "content_type": 23, "codename": "view_cartitem"}}, {"model": "auth.permission", "pk": 101, "fields": {"name": "Can add product review", "content_type": 24, "codename": "add_productreview"}}, {"model": "auth.permission", "pk": 102, "fields": {"name": "Can change product review", "content_type": 24, "codename": "change_productreview"}}, {"model": "auth.permission", "pk": 103, "fields": {"name": "Can delete product review", "content_type": 24, "codename": "delete_productreview"}}, {"model": "auth.permission", "pk": 104, "fields": {"name": "Can view product review", "content_type": 24, "codename": "view_productreview"}}, {"model": "auth.permission", "pk": 105, "fields": {"name": "Can add buyer product", "content_type": 25, "codename": "add_buyerproduct"}}, {"model": "auth.permission", "pk": 106, "fields": {"name": "Can change buyer product", "content_type": 25, "codename": "change_buyerproduct"}}, {"model": "auth.permission", "pk": 107, "fields": {"name": "Can delete buyer product", "content_type": 25, "codename": "delete_buyerproduct"}}, {"model": "auth.permission", "pk": 108, "fields": {"name": "Can view buyer product", "content_type": 25, "codename": "view_buyerproduct"}}, {"model": "auth.permission", "pk": 109, "fields": {"name": "Can add buyer product category", "content_type": 26, "codename": "add_buyerproductcategory"}}, {"model": "auth.permission", "pk": 110, "fields": {"name": "Can change buyer product category", "content_type": 26, "codename": "change_buyerproductcategory"}}, {"model": "auth.permission", "pk": 111, "fields": {"name": "Can delete buyer product category", "content_type": 26, "codename": "delete_buyerproductcategory"}}, {"model": "auth.permission", "pk": 112, "fields": {"name": "Can view buyer product category", "content_type": 26, "codename": "view_buyerproductcategory"}}, {"model": "auth.permission", "pk": 113, "fields": {"name": "Can add payment method", "content_type": 27, "codename": "add_paymentmethod"}}, {"model": "auth.permission", "pk": 114, "fields": {"name": "Can change payment method", "content_type": 27, "codename": "change_paymentmethod"}}, {"model": "auth.permission", "pk": 115, "fields": {"name": "Can delete payment method", "content_type": 27, "codename": "delete_paymentmethod"}}, {"model": "auth.permission", "pk": 116, "fields": {"name": "Can view payment method", "content_type": 27, "codename": "view_paymentmethod"}}, {"model": "auth.permission", "pk": 117, "fields": {"name": "Can add vendor shipping", "content_type": 28, "codename": "add_vendorshipping"}}, {"model": "auth.permission", "pk": 118, "fields": {"name": "Can change vendor shipping", "content_type": 28, "codename": "change_vendorshipping"}}, {"model": "auth.permission", "pk": 119, "fields": {"name": "Can delete vendor shipping", "content_type": 28, "codename": "delete_vendorshipping"}}, {"model": "auth.permission", "pk": 120, "fields": {"name": "Can view vendor shipping", "content_type": 28, "codename": "view_vendorshipping"}}, {"model": "auth.permission", "pk": 121, "fields": {"name": "Can add shipping rate", "content_type": 29, "codename": "add_shippingrate"}}, {"model": "auth.permission", "pk": 122, "fields": {"name": "Can change shipping rate", "content_type": 29, "codename": "change_shippingrate"}}, {"model": "auth.permission", "pk": 123, "fields": {"name": "Can delete shipping rate", "content_type": 29, "codename": "delete_shippingrate"}}, {"model": "auth.permission", "pk": 124, "fields": {"name": "Can view shipping rate", "content_type": 29, "codename": "view_shippingrate"}}, {"model": "auth.permission", "pk": 125, "fields": {"name": "Can add transaction", "content_type": 30, "codename": "add_transaction"}}, {"model": "auth.permission", "pk": 126, "fields": {"name": "Can change transaction", "content_type": 30, "codename": "change_transaction"}}, {"model": "auth.permission", "pk": 127, "fields": {"name": "Can delete transaction", "content_type": 30, "codename": "delete_transaction"}}, {"model": "auth.permission", "pk": 128, "fields": {"name": "Can view transaction", "content_type": 30, "codename": "view_transaction"}}, {"model": "auth.permission", "pk": 129, "fields": {"name": "Can add provider review", "content_type": 31, "codename": "add_providerreview"}}, {"model": "auth.permission", "pk": 130, "fields": {"name": "Can change provider review", "content_type": 31, "codename": "change_providerreview"}}, {"model": "auth.permission", "pk": 131, "fields": {"name": "Can delete provider review", "content_type": 31, "codename": "delete_providerreview"}}, {"model": "auth.permission", "pk": 132, "fields": {"name": "Can view provider review", "content_type": 31, "codename": "view_providerreview"}}, {"model": "auth.permission", "pk": 133, "fields": {"name": "Can add service provider", "content_type": 32, "codename": "add_serviceprovider"}}, {"model": "auth.permission", "pk": 134, "fields": {"name": "Can change service provider", "content_type": 32, "codename": "change_serviceprovider"}}, {"model": "auth.permission", "pk": 135, "fields": {"name": "Can delete service provider", "content_type": 32, "codename": "delete_serviceprovider"}}, {"model": "auth.permission", "pk": 136, "fields": {"name": "Can view service provider", "content_type": 32, "codename": "view_serviceprovider"}}, {"model": "auth.permission", "pk": 137, "fields": {"name": "Can add service", "content_type": 33, "codename": "add_service"}}, {"model": "auth.permission", "pk": 138, "fields": {"name": "Can change service", "content_type": 33, "codename": "change_service"}}, {"model": "auth.permission", "pk": 139, "fields": {"name": "Can delete service", "content_type": 33, "codename": "delete_service"}}, {"model": "auth.permission", "pk": 140, "fields": {"name": "Can view service", "content_type": 33, "codename": "view_service"}}, {"model": "auth.permission", "pk": 141, "fields": {"name": "Can add service category", "content_type": 34, "codename": "add_servicecategory"}}, {"model": "auth.permission", "pk": 142, "fields": {"name": "Can change service category", "content_type": 34, "codename": "change_servicecategory"}}, {"model": "auth.permission", "pk": 143, "fields": {"name": "Can delete service category", "content_type": 34, "codename": "delete_servicecategory"}}, {"model": "auth.permission", "pk": 144, "fields": {"name": "Can view service category", "content_type": 34, "codename": "view_servicecategory"}}, {"model": "auth.permission", "pk": 145, "fields": {"name": "Can add service item", "content_type": 35, "codename": "add_serviceitem"}}, {"model": "auth.permission", "pk": 146, "fields": {"name": "Can change service item", "content_type": 35, "codename": "change_serviceitem"}}, {"model": "auth.permission", "pk": 147, "fields": {"name": "Can delete service item", "content_type": 35, "codename": "delete_serviceitem"}}, {"model": "auth.permission", "pk": 148, "fields": {"name": "Can view service item", "content_type": 35, "codename": "view_serviceitem"}}, {"model": "auth.permission", "pk": 149, "fields": {"name": "Can add service item category", "content_type": 36, "codename": "add_serviceitemcategory"}}, {"model": "auth.permission", "pk": 150, "fields": {"name": "Can change service item category", "content_type": 36, "codename": "change_serviceitemcategory"}}, {"model": "auth.permission", "pk": 151, "fields": {"name": "Can delete service item category", "content_type": 36, "codename": "delete_serviceitemcategory"}}, {"model": "auth.permission", "pk": 152, "fields": {"name": "Can view service item category", "content_type": 36, "codename": "view_serviceitemcategory"}}, {"model": "auth.permission", "pk": 153, "fields": {"name": "Can add service review", "content_type": 37, "codename": "add_servicereview"}}, {"model": "auth.permission", "pk": 154, "fields": {"name": "Can change service review", "content_type": 37, "codename": "change_servicereview"}}, {"model": "auth.permission", "pk": 155, "fields": {"name": "Can delete service review", "content_type": 37, "codename": "delete_servicereview"}}, {"model": "auth.permission", "pk": 156, "fields": {"name": "Can view service review", "content_type": 37, "codename": "view_servicereview"}}, {"model": "auth.permission", "pk": 157, "fields": {"name": "Can add compee cares renewal", "content_type": 38, "codename": "add_compeecaresrenewal"}}, {"model": "auth.permission", "pk": 158, "fields": {"name": "Can change compee cares renewal", "content_type": 38, "codename": "change_compeecaresrenewal"}}, {"model": "auth.permission", "pk": 159, "fields": {"name": "Can delete compee cares renewal", "content_type": 38, "codename": "delete_compeecaresrenewal"}}, {"model": "auth.permission", "pk": 160, "fields": {"name": "Can view compee cares renewal", "content_type": 38, "codename": "view_compeecaresrenewal"}}, {"model": "auth.permission", "pk": 161, "fields": {"name": "Can add compee cares rate", "content_type": 39, "codename": "add_compeecaresrate"}}, {"model": "auth.permission", "pk": 162, "fields": {"name": "Can change compee cares rate", "content_type": 39, "codename": "change_compeecaresrate"}}, {"model": "auth.permission", "pk": 163, "fields": {"name": "Can delete compee cares rate", "content_type": 39, "codename": "delete_compeecaresrate"}}, {"model": "auth.permission", "pk": 164, "fields": {"name": "Can view compee cares rate", "content_type": 39, "codename": "view_compeecaresrate"}}, {"model": "auth.permission", "pk": 165, "fields": {"name": "Can add product guide", "content_type": 40, "codename": "add_productguide"}}, {"model": "auth.permission", "pk": 166, "fields": {"name": "Can change product guide", "content_type": 40, "codename": "change_productguide"}}, {"model": "auth.permission", "pk": 167, "fields": {"name": "Can delete product guide", "content_type": 40, "codename": "delete_productguide"}}, {"model": "auth.permission", "pk": 168, "fields": {"name": "Can view product guide", "content_type": 40, "codename": "view_productguide"}}, {"model": "auth.permission", "pk": 169, "fields": {"name": "Can add display group", "content_type": 41, "codename": "add_displaygroup"}}, {"model": "auth.permission", "pk": 170, "fields": {"name": "Can change display group", "content_type": 41, "codename": "change_displaygroup"}}, {"model": "auth.permission", "pk": 171, "fields": {"name": "Can delete display group", "content_type": 41, "codename": "delete_displaygroup"}}, {"model": "auth.permission", "pk": 172, "fields": {"name": "Can view display group", "content_type": 41, "codename": "view_displaygroup"}}, {"model": "auth.permission", "pk": 173, "fields": {"name": "Can add product group", "content_type": 42, "codename": "add_productgroup"}}, {"model": "auth.permission", "pk": 174, "fields": {"name": "Can change product group", "content_type": 42, "codename": "change_productgroup"}}, {"model": "auth.permission", "pk": 175, "fields": {"name": "Can delete product group", "content_type": 42, "codename": "delete_productgroup"}}, {"model": "auth.permission", "pk": 176, "fields": {"name": "Can view product group", "content_type": 42, "codename": "view_productgroup"}}, {"model": "auth.permission", "pk": 177, "fields": {"name": "Can add banner", "content_type": 43, "codename": "add_banner"}}, {"model": "auth.permission", "pk": 178, "fields": {"name": "Can change banner", "content_type": 43, "codename": "change_banner"}}, {"model": "auth.permission", "pk": 179, "fields": {"name": "Can delete banner", "content_type": 43, "codename": "delete_banner"}}, {"model": "auth.permission", "pk": 180, "fields": {"name": "Can view banner", "content_type": 43, "codename": "view_banner"}}, {"model": "auth.permission", "pk": 181, "fields": {"name": "Can add faq", "content_type": 44, "codename": "add_faq"}}, {"model": "auth.permission", "pk": 182, "fields": {"name": "Can change faq", "content_type": 44, "codename": "change_faq"}}, {"model": "auth.permission", "pk": 183, "fields": {"name": "Can delete faq", "content_type": 44, "codename": "delete_faq"}}, {"model": "auth.permission", "pk": 184, "fields": {"name": "Can view faq", "content_type": 44, "codename": "view_faq"}}, {"model": "auth.permission", "pk": 185, "fields": {"name": "Can add banner", "content_type": 45, "codename": "add_banner"}}, {"model": "auth.permission", "pk": 186, "fields": {"name": "Can change banner", "content_type": 45, "codename": "change_banner"}}, {"model": "auth.permission", "pk": 187, "fields": {"name": "Can delete banner", "content_type": 45, "codename": "delete_banner"}}, {"model": "auth.permission", "pk": 188, "fields": {"name": "Can view banner", "content_type": 45, "codename": "view_banner"}}, {"model": "auth.permission", "pk": 189, "fields": {"name": "Can add shared wishlist", "content_type": 46, "codename": "add_sharedwishlist"}}, {"model": "auth.permission", "pk": 190, "fields": {"name": "Can change shared wishlist", "content_type": 46, "codename": "change_sharedwishlist"}}, {"model": "auth.permission", "pk": 191, "fields": {"name": "Can delete shared wishlist", "content_type": 46, "codename": "delete_sharedwishlist"}}, {"model": "auth.permission", "pk": 192, "fields": {"name": "Can view shared wishlist", "content_type": 46, "codename": "view_sharedwishlist"}}, {"model": "auth.group", "pk": 2, "fields": {"name": "Admin", "permissions": []}}, {"model": "auth.group", "pk": 3, "fields": {"name": "Buyer", "permissions": []}}, {"model": "auth.group", "pk": 4, "fields": {"name": "Vendor", "permissions": []}}, {"model": "auth.group", "pk": 5, "fields": {"name": "Provider", "permissions": []}}, {"model": "auth.user", "pk": 1, "fields": {"password": "pbkdf2_sha256$216000$WGpCiqGT8djZ$8YsKpw1XN3d0grDfKBUkLv67eALagi0fr+Aegjc26/Y=", "last_login": "2020-10-24T15:46:34.800Z", "is_superuser": true, "username": "megadmin", "first_name": "Meg", "last_name": "Tuason", "email": "meg@gmail.com", "is_staff": true, "is_active": true, "date_joined": "2020-07-19T06:59:27Z", "groups": [2], "user_permissions": []}}, {"model": "auth.user", "pk": 8, "fields": {"password": "pbkdf2_sha256$216000$HANCO8b8drC2$w3zzSjOQUQhImCjunJUg0Hgd/yy/Z3RDfMW3LtKEF+w=", "last_login": "2020-11-07T03:38:27.588Z", "is_superuser": false, "username": "test-admin", "first_name": "Admin", "last_name": "Test", "email": "testadmin@gmail.com", "is_staff": false, "is_active": true, "date_joined": "2020-08-25T16:42:05Z", "groups": [2], "user_permissions": []}}, {"model": "auth.user", "pk": 9, "fields": {"password": "pbkdf2_sha256$216000$jxaED0nyw0ID$9fgB1u1Gr9XT+nu5J132foVeHhVXt0qobs8phl8ajh4=", "last_login": "2020-10-18T10:04:59.785Z", "is_superuser": false, "username": "test-store", "first_name": "Store", "last_name": "Test", "email": "teststore@gmail.com", "is_staff": false, "is_active": true, "date_joined": "2020-08-25T16:42:49Z", "groups": [4], "user_permissions": []}}, {"model": "auth.user", "pk": 10, "fields": {"password": "pbkdf2_sha256$180000$WSEZ3Ws0SFbK$jFIH1/06XsK/mvfiA8YGs203+7sHwj5Y/waM5frT3iM=", "last_login": null, "is_superuser": false, "username": "test-buyer", "first_name": "Buyer", "last_name": "Test", "email": "testbuyer@gmail.com", "is_staff": false, "is_active": true, "date_joined": "2020-08-25T16:43:20Z", "groups": [3, 5], "user_permissions": []}}, {"model": "auth.user", "pk": 11, "fields": {"password": "pbkdf2_sha256$216000$qyfqpptber8U$HtWldhegzgmmI5CkrtrbIchRkO4pc3yP+4iuZ31toTk=", "last_login": "2020-11-06T13:41:56.633Z", "is_superuser": false, "username": "test-user", "first_name": "User", "last_name": "Test", "email": "testuser@gmail.com", "is_staff": false, "is_active": true, "date_joined": "2020-08-25T16:43:40Z", "groups": [], "user_permissions": []}}, {"model": "auth.user", "pk": 12, "fields": {"password": "pbkdf2_sha256$216000$CwzQQz8x46I7$AUOVH128Wx0G5sTYeJMGWruQvqTL8MxPn0Uu8Hvt2HI=", "last_login": "2020-10-30T08:32:22.507Z", "is_superuser": false, "username": "test-store-2", "first_name": "Test2", "last_name": "Store", "email": "teststoretwo@gmail.com", "is_staff": false, "is_active": true, "date_joined": "2020-08-25T16:50:53.426Z", "groups": [4, 5], "user_permissions": []}}, {"model": "contenttypes.contenttype", "pk": 1, "fields": {"app_label": "admin", "model": "logentry"}}, {"model": "contenttypes.contenttype", "pk": 2, "fields": {"app_label": "auth", "model": "permission"}}, {"model": "contenttypes.contenttype", "pk": 3, "fields": {"app_label": "auth", "model": "group"}}, {"model": "contenttypes.contenttype", "pk": 4, "fields": {"app_label": "auth", "model": "user"}}, {"model": "contenttypes.contenttype", "pk": 5, "fields": {"app_label": "contenttypes", "model": "contenttype"}}, {"model": "contenttypes.contenttype", "pk": 6, "fields": {"app_label": "sessions", "model": "session"}}, {"model": "contenttypes.contenttype", "pk": 7, "fields": {"app_label": "users", "model": "profile"}}, {"model": "contenttypes.contenttype", "pk": 8, "fields": {"app_label": "users", "model": "vendor"}}, {"model": "contenttypes.contenttype", "pk": 9, "fields": {"app_label": "users", "model": "buyer"}}, {"model": "contenttypes.contenttype", "pk": 10, "fields": {"app_label": "admins", "model": "productterm"}}, {"model": "contenttypes.contenttype", "pk": 11, "fields": {"app_label": "admins", "model": "product"}}, {"model": "contenttypes.contenttype", "pk": 12, "fields": {"app_label": "admins", "model": "term"}}, {"model": "contenttypes.contenttype", "pk": 13, "fields": {"app_label": "admins", "model": "productcategory"}}, {"model": "contenttypes.contenttype", "pk": 14, "fields": {"app_label": "admins", "model": "category"}}, {"model": "contenttypes.contenttype", "pk": 15, "fields": {"app_label": "tagging", "model": "tag"}}, {"model": "contenttypes.contenttype", "pk": 16, "fields": {"app_label": "tagging", "model": "taggeditem"}}, {"model": "contenttypes.contenttype", "pk": 17, "fields": {"app_label": "taggit", "model": "tag"}}, {"model": "contenttypes.contenttype", "pk": 18, "fields": {"app_label": "taggit", "model": "taggeditem"}}, {"model": "contenttypes.contenttype", "pk": 19, "fields": {"app_label": "users", "model": "vendorreview"}}, {"model": "contenttypes.contenttype", "pk": 20, "fields": {"app_label": "main", "model": "siteorder"}}, {"model": "contenttypes.contenttype", "pk": 21, "fields": {"app_label": "main", "model": "wishlistitem"}}, {"model": "contenttypes.contenttype", "pk": 22, "fields": {"app_label": "main", "model": "orderitem"}}, {"model": "contenttypes.contenttype", "pk": 23, "fields": {"app_label": "main", "model": "cartitem"}}, {"model": "contenttypes.contenttype", "pk": 24, "fields": {"app_label": "admins", "model": "productreview"}}, {"model": "contenttypes.contenttype", "pk": 25, "fields": {"app_label": "admins", "model": "buyerproduct"}}, {"model": "contenttypes.contenttype", "pk": 26, "fields": {"app_label": "admins", "model": "buyerproductcategory"}}, {"model": "contenttypes.contenttype", "pk": 27, "fields": {"app_label": "main", "model": "paymentmethod"}}, {"model": "contenttypes.contenttype", "pk": 28, "fields": {"app_label": "admins", "model": "vendorshipping"}}, {"model": "contenttypes.contenttype", "pk": 29, "fields": {"app_label": "admins", "model": "shippingrate"}}, {"model": "contenttypes.contenttype", "pk": 30, "fields": {"app_label": "main", "model": "transaction"}}, {"model": "contenttypes.contenttype", "pk": 31, "fields": {"app_label": "users", "model": "providerreview"}}, {"model": "contenttypes.contenttype", "pk": 32, "fields": {"app_label": "users", "model": "serviceprovider"}}, {"model": "contenttypes.contenttype", "pk": 33, "fields": {"app_label": "admins", "model": "service"}}, {"model": "contenttypes.contenttype", "pk": 34, "fields": {"app_label": "admins", "model": "servicecategory"}}, {"model": "contenttypes.contenttype", "pk": 35, "fields": {"app_label": "admins", "model": "serviceitem"}}, {"model": "contenttypes.contenttype", "pk": 36, "fields": {"app_label": "admins", "model": "serviceitemcategory"}}, {"model": "contenttypes.contenttype", "pk": 37, "fields": {"app_label": "admins", "model": "servicereview"}}, {"model": "contenttypes.contenttype", "pk": 38, "fields": {"app_label": "main", "model": "compeecaresrenewal"}}, {"model": "contenttypes.contenttype", "pk": 39, "fields": {"app_label": "admins", "model": "compeecaresrate"}}, {"model": "contenttypes.contenttype", "pk": 40, "fields": {"app_label": "admins", "model": "productguide"}}, {"model": "contenttypes.contenttype", "pk": 41, "fields": {"app_label": "admins", "model": "displaygroup"}}, {"model": "contenttypes.contenttype", "pk": 42, "fields": {"app_label": "admins", "model": "productgroup"}}, {"model": "contenttypes.contenttype", "pk": 43, "fields": {"app_label": "main", "model": "banner"}}, {"model": "contenttypes.contenttype", "pk": 44, "fields": {"app_label": "admins", "model": "faq"}}, {"model": "contenttypes.contenttype", "pk": 45, "fields": {"app_label": "admins", "model": "banner"}}, {"model": "contenttypes.contenttype", "pk": 46, "fields": {"app_label": "main", "model": "sharedwishlist"}}, {"model": "sessions.session", "pk": "0fhw0pk2qvs5k5rkzrmjqbfx4927cyd4", "fields": {"session_data": ".eJxVjDsOwyAQRO9CHSGW5bcp0_sMCAwEJxGWjF1FuXtsyUUiTTXvzbyZD9ta_dbz4qfErgyAXX7LGMZnbgdJj9DuMx_nti5T5IfCT9r5MKf8up3u30ENve5rqQ0IkIpQoJOAyaHSYIouBjWUgokog3UBHe0xhcgaRzaroimIyD5fq_U2JQ:1kVGOb:SADa2fC16jzO51AjSCq34gWdYFhym2ofjWv_2yMek2M", "expire_date": "2020-11-04T15:51:25.481Z"}}, {"model": "sessions.session", "pk": "1ltds3oyik6x9ahr5xizojy4f3rriy47", "fields": {"session_data": ".eJxVjDEOwjAMAP-SGUU4TZOakZ03VI7t0AJKpKadEH9HlTrAene6txlpW6dxa7qMs5iLAXP6ZYn4qWUX8qByr5ZrWZc52T2xh232VkVf16P9G0zUpn2L3glmp70GyNHrefDCKCwxY-wE-zxA14Mj8ZkxOSbHARMEBPBJzecL6Bk4Fw:1kWLk9:JnrTcw-O5jn-m8jeOkpaZe2dnjqUt9VJTih03OsRoQ8", "expire_date": "2020-11-07T15:46:09.272Z"}}, {"model": "sessions.session", "pk": "3bxhv4js9xl6r9l8lwq70o9ylqb5vmmi", "fields": {"session_data": "ZDJkNmUxMzc4ZjAzZjRlMzdkMzkyNzExYmRkN2E3ZjRhNWRlOWJmNTp7Il9hdXRoX3VzZXJfaWQiOiI2IiwiX2F1dGhfdXNlcl9iYWNrZW5kIjoiZGphbmdvLmNvbnRyaWIuYXV0aC5iYWNrZW5kcy5Nb2RlbEJhY2tlbmQiLCJfYXV0aF91c2VyX2hhc2giOiIxZDdiOGI5MjQ5ZTBiODAzMmFlZmJhZjJkOGMyODU3ZDEwNmVhZTkyIn0=", "expire_date": "2020-08-07T19:35:29.506Z"}}, {"model": "sessions.session", "pk": "3youqt3c7dzz7qbdkvx68ivkxle9xr83", "fields": {"session_data": "MzI1ZWY3MmRjNzI4YWYzZjU5NmNjYWJkODljMTNiY2EyYWUwNmMyMTp7Il9hdXRoX3VzZXJfaWQiOiI4IiwiX2F1dGhfdXNlcl9iYWNrZW5kIjoiZGphbmdvLmNvbnRyaWIuYXV0aC5iYWNrZW5kcy5Nb2RlbEJhY2tlbmQiLCJfYXV0aF91c2VyX2hhc2giOiIxMGNiODkyNjkzNmU5Mzk0YTAwOThlZDkxNDViNWJmMDcxNGVjNDhlIn0=", "expire_date": "2020-09-18T05:58:27.773Z"}}, {"model": "sessions.session", "pk": "423r591nmsfue8rfq3mcyuwlh1kiuoq4", "fields": {"session_data": ".eJxVjDsOwyAQRO9CHSGW5bcp0_sMCAwEJxGWjF1FuXtsyUUiTTXvzbyZD9ta_dbz4qfErgyAXX7LGMZnbgdJj9DuMx_nti5T5IfCT9r5MKf8up3u30ENve5rqQ0IkIpQoJOAyaHSYIouBjWUgokog3UBHe0xhcgaRzaroimIyD5fq_U2JQ:1kYUc6:K5rwEZYSwj6nfg0TgC1VzuKaTWsE9e95ZqzXH-dJbFI", "expire_date": "2020-11-13T13:38:42.376Z"}}, {"model": "sessions.session", "pk": "8igbve6vk8281lckzz4xvhu6t46e4z5s", "fields": {"session_data": ".eJxVjDsOwyAQRO9CHSGW5bcp0_sMCAwEJxGWjF1FuXtsyUUiTTXvzbyZD9ta_dbz4qfErgyAXX7LGMZnbgdJj9DuMx_nti5T5IfCT9r5MKf8up3u30ENve5rqQ0IkIpQoJOAyaHSYIouBjWUgokog3UBHe0xhcgaRzaroimIyD5fq_U2JQ:1kV9Uq:VcQFaj5XKHQKn3Mh2V014O0CuWth4g5JuJYr2-C0P7c", "expire_date": "2020-11-04T08:29:24.797Z"}}, {"model": "sessions.session", "pk": "dvjtg554n0rvb1j0egx4maexchrh43yw", "fields": {"session_data": "YzkwYTI0MTkxOTA5MmUwZjIyMDAyMjE1ZjVhYTRlMzQxNWY1MGE3YTp7Il9hdXRoX3VzZXJfaWQiOiIxIiwiX2F1dGhfdXNlcl9iYWNrZW5kIjoiZGphbmdvLmNvbnRyaWIuYXV0aC5iYWNrZW5kcy5Nb2RlbEJhY2tlbmQiLCJfYXV0aF91c2VyX2hhc2giOiI3ZDg1ZDM0Y2VmMGVjYjUyMzU3YTFjZDE5ODZjMDViZjk0Yjc0ZWE2In0=", "expire_date": "2020-09-01T07:58:35.838Z"}}, {"model": "sessions.session", "pk": "g88bbys3c3lbtum8mzgpnroynxuqx52d", "fields": {"session_data": ".eJxVjDsOwyAQRO9CHSGW5bcp0_sMCAwEJxGWjF1FuXtsyUUiTTXvzbyZD9ta_dbz4qfErgyAXX7LGMZnbgdJj9DuMx_nti5T5IfCT9r5MKf8up3u30ENve5rqQ0IkIpQoJOAyaHSYIouBjWUgokog3UBHe0xhcgaRzaroimIyD5fq_U2JQ:1kVFcB:U3IzfaoOMqgFoE32-hNTlG9nU26FP8xj9aUa8Qd_1V8", "expire_date": "2020-11-04T15:01:23.374Z"}}, {"model": "sessions.session", "pk": "i1pnusxh0sk8p3ujy5hjq05xubgh2crg", "fields": {"session_data": ".eJxVjDsOgzAQRO_iOrKwWf9SpucMyN5dxySRkTBUUe4ekCiSbjTvzbzFGLe1jFvjZZxIXIXS4vJbpohPrgehR6z3WeJc12VK8lDkSZscZuLX7XT_DkpsZV9rRcguZDQZNHm0HZMGCAGTtwawc3vQwdtMOSZ02oNRwF1veuUtg_h8ARVLN-s:1kWgyS:eLpq9m-3mJSPrUXXE3DxQD-yNXN0UgVoovO38VRw-H8", "expire_date": "2020-11-08T14:26:20.828Z"}}, {"model": "sessions.session", "pk": "ity3l24uh2yub5oqye7vipihn2ic2xml", "fields": {"session_data": ".eJxVjDsOwyAQRO9CHSGW5bcp0_sMCAwEJxGWjF1FuXtsyUUiTTXvzbyZD9ta_dbz4qfErgyAXX7LGMZnbgdJj9DuMx_nti5T5IfCT9r5MKf8up3u30ENve5rqQ0IkIpQoJOAyaHSYIouBjWUgokog3UBHe0xhcgaRzaroimIyD5fq_U2JQ:1kV7s5:helHN4Phc0In740tGZg9ttrX9l_-zsBSReE567gUo3Q", "expire_date": "2020-11-04T06:45:17.543Z"}}, {"model": "sessions.session", "pk": "kbbhaggnxctcft0ktns7hmbddr5rd27t", "fields": {"session_data": ".eJxVjDkOwjAUBe_iGlk_i2Obkj5nsP4GCSBbipMKcXeIlALaNzPvZRJu65S2qkuaxZxNMKffjZAfmncgd8y3YrnkdZnJ7oo9aLVjEX1eDvfvYMI6fesrKDBRw10kCF4gCjscWuiliSBITkFpYHWhDYRdHFxHIp764Jg8m_cHA2U4uA:1kbF3b:ch_9vNM427reSotIv3DXNe4il516Y7g7nGyRcqjtQLU", "expire_date": "2020-11-21T03:38:27.591Z"}}, {"model": "sessions.session", "pk": "kl87n1zv5y3g1wlypq381r63ditbjfcm", "fields": {"session_data": ".eJxVjDsOwyAQRO9CHSGW5bcp0_sMCAwEJxGWjF1FuXtsyUUiTTXvzbyZD9ta_dbz4qfErgyAXX7LGMZnbgdJj9DuMx_nti5T5IfCT9r5MKf8up3u30ENve5rqQ0IkIpQoJOAyaHSYIouBjWUgokog3UBHe0xhcgaRzaroimIyD5fq_U2JQ:1kV9Fw:-NRkJS9mFHyuJvlOQG8I5yPHEeu6nYrO8F5inc27L_4", "expire_date": "2020-11-04T08:14:00.616Z"}}, {"model": "sessions.session", "pk": "ncgk5wjasu94at4y7g845r6xakwd8am6", "fields": {"session_data": ".eJxVjDsOwyAQRO9CHSGW5bcp0_sMCAwEJxGWjF1FuXtsyUUiTTXvzbyZD9ta_dbz4qfErgyAXX7LGMZnbgdJj9DuMx_nti5T5IfCT9r5MKf8up3u30ENve5rqQ0IkIpQoJOAyaHSYIouBjWUgokog3UBHe0xhcgaRzaroimIyD5fq_U2JQ:1kVWxe:DqWLxIf4exL7Q6ru4dYkKtb3_Ai_hs5hjn5g0YZgoUI", "expire_date": "2020-11-05T09:32:42.974Z"}}, {"model": "sessions.session", "pk": "nf1v0vjxcn6jh07tcvfqu9f32rvyzv13", "fields": {"session_data": "OTM2MzU2NDkzMmFjOGI5ZDYzN2NjYzVhY2UxMmMwMmZmMDkwYWY1ZTp7Il9hdXRoX3VzZXJfaWQiOiI3IiwiX2F1dGhfdXNlcl9iYWNrZW5kIjoiZGphbmdvLmNvbnRyaWIuYXV0aC5iYWNrZW5kcy5Nb2RlbEJhY2tlbmQiLCJfYXV0aF91c2VyX2hhc2giOiIzZGMxZmEzNzM1NmMwMjcyMzFlYzc3ZjI4MWE1NDA5YzA5MjhjOTY2In0=", "expire_date": "2020-08-24T05:56:51.177Z"}}, {"model": "sessions.session", "pk": "qdpdp6qs717fyqboxbqhyrzbpkjh0l2l", "fields": {"session_data": ".eJxVjDsOwyAQRO9CHSGW5bcp0_sMCAwEJxGWjF1FuXtsyUUiTTXvzbyZD9ta_dbz4qfErgyAXX7LGMZnbgdJj9DuMx_nti5T5IfCT9r5MKf8up3u30ENve5rqQ0IkIpQoJOAyaHSYIouBjWUgokog3UBHe0xhcgaRzaroimIyD5fq_U2JQ:1kV8sW:61zt9qGbJS_Y_OpxuLSlnm-Rjefs9KU4gG_fnPyp3v8", "expire_date": "2020-11-04T07:49:48.002Z"}}, {"model": "sessions.session", "pk": "rrv5gtt0xdjh6tkoc57vi39umpz17yv5", "fields": {"session_data": ".eJxVjDsOwyAQRO9CHSGW5bcp0_sMCAwEJxGWjF1FuXtsyUUiTTXvzbyZD9ta_dbz4qfErgyAXX7LGMZnbgdJj9DuMx_nti5T5IfCT9r5MKf8up3u30ENve5rqQ0IkIpQoJOAyaHSYIouBjWUgokog3UBHe0xhcgaRzaroimIyD5fq_U2JQ:1kVWbI:bSbvRshyYXe174BKEB9Zgg36ij78X1tpfNy2Ta9n_SE", "expire_date": "2020-11-05T09:09:36.859Z"}}, {"model": "sessions.session", "pk": "tdskgm1zpsjsbd0gc9qpbclivk2ppsih", "fields": {"session_data": ".eJxVjDsOwyAQRO9CHSGW5bcp0_sMCAwEJxGWjF1FuXtsyUUiTTXvzbyZD9ta_dbz4qfErgyAXX7LGMZnbgdJj9DuMx_nti5T5IfCT9r5MKf8up3u30ENve5rqQ0IkIpQoJOAyaHSYIouBjWUgokog3UBHe0xhcgaRzaroimIyD5fq_U2JQ:1kVF5S:ltOM31bOw5dapnxSKTLQwjy6jR0TwMr0Mrss0UXO5IM", "expire_date": "2020-11-04T14:27:34.322Z"}}, {"model": "sessions.session", "pk": "um6a7vd37ptbcqu6k63ge0v1wkir2r4z", "fields": {"session_data": "OTM2MzU2NDkzMmFjOGI5ZDYzN2NjYzVhY2UxMmMwMmZmMDkwYWY1ZTp7Il9hdXRoX3VzZXJfaWQiOiI3IiwiX2F1dGhfdXNlcl9iYWNrZW5kIjoiZGphbmdvLmNvbnRyaWIuYXV0aC5iYWNrZW5kcy5Nb2RlbEJhY2tlbmQiLCJfYXV0aF91c2VyX2hhc2giOiIzZGMxZmEzNzM1NmMwMjcyMzFlYzc3ZjI4MWE1NDA5YzA5MjhjOTY2In0=", "expire_date": "2020-09-05T19:26:37.423Z"}}, {"model": "sessions.session", "pk": "vzo2hnuj25ekj002s6cvkdy6d3k2ocu7", "fields": {"session_data": ".eJxVjDsOwyAQRO9CHSGW5bcp0_sMCAwEJxGWjF1FuXtsyUUiTTXvzbyZD9ta_dbz4qfErgyAXX7LGMZnbgdJj9DuMx_nti5T5IfCT9r5MKf8up3u30ENve5rqQ0IkIpQoJOAyaHSYIouBjWUgokog3UBHe0xhcgaRzaroimIyD5fq_U2JQ:1kVWvH:s0hKyElRle0TMHY9eGRXgoEG4YAnDnW_haIX6S4e6ls", "expire_date": "2020-11-05T09:30:15.115Z"}}, {"model": "sessions.session", "pk": "xcj5o5qoiyzptljzlod9mcpxfzweia9e", "fields": {"session_data": "MzI1ZWY3MmRjNzI4YWYzZjU5NmNjYWJkODljMTNiY2EyYWUwNmMyMTp7Il9hdXRoX3VzZXJfaWQiOiI4IiwiX2F1dGhfdXNlcl9iYWNrZW5kIjoiZGphbmdvLmNvbnRyaWIuYXV0aC5iYWNrZW5kcy5Nb2RlbEJhY2tlbmQiLCJfYXV0aF91c2VyX2hhc2giOiIxMGNiODkyNjkzNmU5Mzk0YTAwOThlZDkxNDViNWJmMDcxNGVjNDhlIn0=", "expire_date": "2020-10-04T14:00:48.196Z"}}]