[{"model": "taggit.tag", "pk": 6, "fields": {"name": "cheap", "slug": "cheap"}}, {"model": "taggit.tag", "pk": 7, "fields": {"name": "hd", "slug": "hd"}}, {"model": "taggit.tag", "pk": 8, "fields": {"name": "tinky", "slug": "tinky"}}, {"model": "taggit.tag", "pk": 9, "fields": {"name": "zoom", "slug": "zoom"}}, {"model": "taggit.tag", "pk": 10, "fields": {"name": "black", "slug": "black"}}, {"model": "taggit.tag", "pk": 11, "fields": {"name": "mousepad", "slug": "mousepad"}}, {"model": "taggit.tag", "pk": 12, "fields": {"name": "white", "slug": "white"}}, {"model": "main.orderitem", "pk": 47, "fields": {"order": 24, "product": 6, "quantity": 1}}, {"model": "main.orderitem", "pk": 48, "fields": {"order": 24, "product": 5, "quantity": 1}}, {"model": "admins.product", "pk": 5, "fields": {"name": "Mouse", "description": "tinky's favorite", "price": "1499.00", "discount_price": "3999.00", "item_stock": 9, "date_created": "2020-08-27T13:02:18.230Z", "image": "default.jpg", "vendor": 4, "slug": "mouse"}}, {"model": "admins.product", "pk": 6, "fields": {"name": "Keyboard", "description": "", "price": "1720.00", "discount_price": "2900.00", "item_stock": 8, "date_created": "2020-08-27T13:12:17.750Z", "image": "default.jpg", "vendor": 4, "slug": "keyboard"}}, {"model": "admins.product", "pk": 7, "fields": {"name": "Mousepad (extended)", "description": "naruto shipuden", "price": "119.00", "discount_price": "390.00", "item_stock": 14, "date_created": "2020-08-27T13:13:26.620Z", "image": "default.jpg", "vendor": 4, "slug": "mousepad-extended"}}, {"model": "admins.product", "pk": 8, "fields": {"name": "All in One Desktop PC", "description": "Specs", "price": "18600.00", "discount_price": null, "item_stock": 10, "date_created": "2020-08-27T13:15:05.068Z", "image": "default.jpg", "vendor": 5, "slug": "all-in-one-desktop-pc"}}, {"model": "admins.product", "pk": 9, "fields": {"name": "i7 Intel Processor", "description": "", "price": "19200.00", "discount_price": null, "item_stock": 5, "date_created": "2020-08-27T13:16:23.181Z", "image": "default.jpg", "vendor": 5, "slug": "i7-intel-processor"}}, {"model": "admins.buyerproduct", "pk": 5, "fields": {"name": "Monitor", "description": "", "price": "4000.00", "stock_required": 1, "date_created": "2020-08-27T13:06:59.868Z", "image": "default.jpg", "buyer": 4, "slug": "monitor"}}, {"model": "admins.category", "pk": 1, "fields": {"name": "Uncategorized"}}, {"model": "admins.category", "pk": 2, "fields": {"name": "Desktop PCs"}}, {"model": "admins.category", "pk": 3, "fields": {"name": "Laptop PCs"}}, {"model": "admins.category", "pk": 4, "fields": {"name": "Components"}}, {"model": "admins.category", "pk": 5, "fields": {"name": "Accessories"}}, {"model": "admins.category", "pk": 6, "fields": {"name": "Mobile Phones"}}, {"model": "admins.category", "pk": 7, "fields": {"name": "Printers & Ink"}}, {"model": "admins.category", "pk": 8, "fields": {"name": "Networking"}}, {"model": "admins.category", "pk": 9, "fields": {"name": "Gaming"}}, {"model": "admins.category", "pk": 10, "fields": {"name": "Support"}}, {"model": "admins.productcategory", "pk": 5, "fields": {"category": 4, "product": 5}}, {"model": "admins.productcategory", "pk": 6, "fields": {"category": 4, "product": 6}}, {"model": "admins.productcategory", "pk": 7, "fields": {"category": 5, "product": 7}}, {"model": "admins.productcategory", "pk": 8, "fields": {"category": 2, "product": 8}}, {"model": "admins.productcategory", "pk": 9, "fields": {"category": 4, "product": 9}}, {"model": "admins.buyerproductcategory", "pk": 5, "fields": {"category": 4, "product": 5}}, {"model": "contenttypes.contenttype", "pk": 1, "fields": {"app_label": "admin", "model": "logentry"}}, {"model": "contenttypes.contenttype", "pk": 2, "fields": {"app_label": "auth", "model": "permission"}}, {"model": "contenttypes.contenttype", "pk": 3, "fields": {"app_label": "auth", "model": "group"}}, {"model": "contenttypes.contenttype", "pk": 4, "fields": {"app_label": "auth", "model": "user"}}, {"model": "contenttypes.contenttype", "pk": 5, "fields": {"app_label": "contenttypes", "model": "contenttype"}}, {"model": "contenttypes.contenttype", "pk": 6, "fields": {"app_label": "sessions", "model": "session"}}, {"model": "contenttypes.contenttype", "pk": 7, "fields": {"app_label": "users", "model": "profile"}}, {"model": "contenttypes.contenttype", "pk": 8, "fields": {"app_label": "users", "model": "vendor"}}, {"model": "contenttypes.contenttype", "pk": 9, "fields": {"app_label": "users", "model": "buyer"}}, {"model": "contenttypes.contenttype", "pk": 10, "fields": {"app_label": "admins", "model": "productterm"}}, {"model": "contenttypes.contenttype", "pk": 11, "fields": {"app_label": "admins", "model": "product"}}, {"model": "contenttypes.contenttype", "pk": 12, "fields": {"app_label": "admins", "model": "term"}}, {"model": "contenttypes.contenttype", "pk": 13, "fields": {"app_label": "admins", "model": "productcategory"}}, {"model": "contenttypes.contenttype", "pk": 14, "fields": {"app_label": "admins", "model": "category"}}, {"model": "contenttypes.contenttype", "pk": 15, "fields": {"app_label": "tagging", "model": "tag"}}, {"model": "contenttypes.contenttype", "pk": 16, "fields": {"app_label": "tagging", "model": "taggeditem"}}, {"model": "contenttypes.contenttype", "pk": 17, "fields": {"app_label": "taggit", "model": "tag"}}, {"model": "contenttypes.contenttype", "pk": 18, "fields": {"app_label": "taggit", "model": "taggeditem"}}, {"model": "contenttypes.contenttype", "pk": 19, "fields": {"app_label": "users", "model": "vendorreview"}}, {"model": "contenttypes.contenttype", "pk": 20, "fields": {"app_label": "main", "model": "siteorder"}}, {"model": "contenttypes.contenttype", "pk": 21, "fields": {"app_label": "main", "model": "wishlistitem"}}, {"model": "contenttypes.contenttype", "pk": 22, "fields": {"app_label": "main", "model": "orderitem"}}, {"model": "contenttypes.contenttype", "pk": 23, "fields": {"app_label": "main", "model": "cartitem"}}, {"model": "contenttypes.contenttype", "pk": 24, "fields": {"app_label": "admins", "model": "productreview"}}, {"model": "contenttypes.contenttype", "pk": 25, "fields": {"app_label": "admins", "model": "buyerproduct"}}, {"model": "contenttypes.contenttype", "pk": 26, "fields": {"app_label": "admins", "model": "buyerproductcategory"}}, {"model": "sessions.session", "pk": "3bxhv4js9xl6r9l8lwq70o9ylqb5vmmi", "fields": {"session_data": "ZDJkNmUxMzc4ZjAzZjRlMzdkMzkyNzExYmRkN2E3ZjRhNWRlOWJmNTp7Il9hdXRoX3VzZXJfaWQiOiI2IiwiX2F1dGhfdXNlcl9iYWNrZW5kIjoiZGphbmdvLmNvbnRyaWIuYXV0aC5iYWNrZW5kcy5Nb2RlbEJhY2tlbmQiLCJfYXV0aF91c2VyX2hhc2giOiIxZDdiOGI5MjQ5ZTBiODAzMmFlZmJhZjJkOGMyODU3ZDEwNmVhZTkyIn0=", "expire_date": "2020-08-07T19:35:29.506Z"}}, {"model": "sessions.session", "pk": "6tzsoaym3qai5a8mslbab4iulhntt388", "fields": {"session_data": "NGJlNmI0NzEyNTJlNzQyZDU5MzIwNjQ2OWFlOGExZWU0ZDc4NDZkNjp7Il9hdXRoX3VzZXJfaWQiOiIxMSIsIl9hdXRoX3VzZXJfYmFja2VuZCI6ImRqYW5nby5jb250cmliLmF1dGguYmFja2VuZHMuTW9kZWxCYWNrZW5kIiwiX2F1dGhfdXNlcl9oYXNoIjoiZGQwY2FkYjEyNTJlMjA1MWU0MmQ2YThhZTcyOTg2ZThlNGU4ZDhiMSJ9", "expire_date": "2020-09-10T13:18:29.664Z"}}, {"model": "sessions.session", "pk": "dvjtg554n0rvb1j0egx4maexchrh43yw", "fields": {"session_data": "YzkwYTI0MTkxOTA5MmUwZjIyMDAyMjE1ZjVhYTRlMzQxNWY1MGE3YTp7Il9hdXRoX3VzZXJfaWQiOiIxIiwiX2F1dGhfdXNlcl9iYWNrZW5kIjoiZGphbmdvLmNvbnRyaWIuYXV0aC5iYWNrZW5kcy5Nb2RlbEJhY2tlbmQiLCJfYXV0aF91c2VyX2hhc2giOiI3ZDg1ZDM0Y2VmMGVjYjUyMzU3YTFjZDE5ODZjMDViZjk0Yjc0ZWE2In0=", "expire_date": "2020-09-01T07:58:35.838Z"}}, {"model": "sessions.session", "pk": "nf1v0vjxcn6jh07tcvfqu9f32rvyzv13", "fields": {"session_data": "OTM2MzU2NDkzMmFjOGI5ZDYzN2NjYzVhY2UxMmMwMmZmMDkwYWY1ZTp7Il9hdXRoX3VzZXJfaWQiOiI3IiwiX2F1dGhfdXNlcl9iYWNrZW5kIjoiZGphbmdvLmNvbnRyaWIuYXV0aC5iYWNrZW5kcy5Nb2RlbEJhY2tlbmQiLCJfYXV0aF91c2VyX2hhc2giOiIzZGMxZmEzNzM1NmMwMjcyMzFlYzc3ZjI4MWE1NDA5YzA5MjhjOTY2In0=", "expire_date": "2020-08-24T05:56:51.177Z"}}, {"model": "auth.permission", "pk": 1, "fields": {"name": "Can add log entry", "content_type": 1, "codename": "add_logentry"}}, {"model": "auth.permission", "pk": 2, "fields": {"name": "Can change log entry", "content_type": 1, "codename": "change_logentry"}}, {"model": "auth.permission", "pk": 3, "fields": {"name": "Can delete log entry", "content_type": 1, "codename": "delete_logentry"}}, {"model": "auth.permission", "pk": 4, "fields": {"name": "Can view log entry", "content_type": 1, "codename": "view_logentry"}}, {"model": "auth.permission", "pk": 5, "fields": {"name": "Can add permission", "content_type": 2, "codename": "add_permission"}}, {"model": "auth.permission", "pk": 6, "fields": {"name": "Can change permission", "content_type": 2, "codename": "change_permission"}}, {"model": "auth.permission", "pk": 7, "fields": {"name": "Can delete permission", "content_type": 2, "codename": "delete_permission"}}, {"model": "auth.permission", "pk": 8, "fields": {"name": "Can view permission", "content_type": 2, "codename": "view_permission"}}, {"model": "auth.permission", "pk": 9, "fields": {"name": "Can add group", "content_type": 3, "codename": "add_group"}}, {"model": "auth.permission", "pk": 10, "fields": {"name": "Can change group", "content_type": 3, "codename": "change_group"}}, {"model": "auth.permission", "pk": 11, "fields": {"name": "Can delete group", "content_type": 3, "codename": "delete_group"}}, {"model": "auth.permission", "pk": 12, "fields": {"name": "Can view group", "content_type": 3, "codename": "view_group"}}, {"model": "auth.permission", "pk": 13, "fields": {"name": "Can add user", "content_type": 4, "codename": "add_user"}}, {"model": "auth.permission", "pk": 14, "fields": {"name": "Can change user", "content_type": 4, "codename": "change_user"}}, {"model": "auth.permission", "pk": 15, "fields": {"name": "Can delete user", "content_type": 4, "codename": "delete_user"}}, {"model": "auth.permission", "pk": 16, "fields": {"name": "Can view user", "content_type": 4, "codename": "view_user"}}, {"model": "auth.permission", "pk": 17, "fields": {"name": "Can add content type", "content_type": 5, "codename": "add_contenttype"}}, {"model": "auth.permission", "pk": 18, "fields": {"name": "Can change content type", "content_type": 5, "codename": "change_contenttype"}}, {"model": "auth.permission", "pk": 19, "fields": {"name": "Can delete content type", "content_type": 5, "codename": "delete_contenttype"}}, {"model": "auth.permission", "pk": 20, "fields": {"name": "Can view content type", "content_type": 5, "codename": "view_contenttype"}}, {"model": "auth.permission", "pk": 21, "fields": {"name": "Can add session", "content_type": 6, "codename": "add_session"}}, {"model": "auth.permission", "pk": 22, "fields": {"name": "Can change session", "content_type": 6, "codename": "change_session"}}, {"model": "auth.permission", "pk": 23, "fields": {"name": "Can delete session", "content_type": 6, "codename": "delete_session"}}, {"model": "auth.permission", "pk": 24, "fields": {"name": "Can view session", "content_type": 6, "codename": "view_session"}}, {"model": "auth.permission", "pk": 25, "fields": {"name": "Can add profile", "content_type": 7, "codename": "add_profile"}}, {"model": "auth.permission", "pk": 26, "fields": {"name": "Can change profile", "content_type": 7, "codename": "change_profile"}}, {"model": "auth.permission", "pk": 27, "fields": {"name": "Can delete profile", "content_type": 7, "codename": "delete_profile"}}, {"model": "auth.permission", "pk": 28, "fields": {"name": "Can view profile", "content_type": 7, "codename": "view_profile"}}, {"model": "auth.permission", "pk": 29, "fields": {"name": "Can add user", "content_type": 8, "codename": "add_user"}}, {"model": "auth.permission", "pk": 30, "fields": {"name": "Can change user", "content_type": 8, "codename": "change_user"}}, {"model": "auth.permission", "pk": 31, "fields": {"name": "Can delete user", "content_type": 8, "codename": "delete_user"}}, {"model": "auth.permission", "pk": 32, "fields": {"name": "Can view user", "content_type": 8, "codename": "view_user"}}, {"model": "auth.permission", "pk": 33, "fields": {"name": "Can add site user", "content_type": 8, "codename": "add_siteuser"}}, {"model": "auth.permission", "pk": 34, "fields": {"name": "Can change site user", "content_type": 8, "codename": "change_siteuser"}}, {"model": "auth.permission", "pk": 35, "fields": {"name": "Can delete site user", "content_type": 8, "codename": "delete_siteuser"}}, {"model": "auth.permission", "pk": 36, "fields": {"name": "Can view site user", "content_type": 8, "codename": "view_siteuser"}}, {"model": "auth.permission", "pk": 37, "fields": {"name": "Can add vendor", "content_type": 8, "codename": "add_vendor"}}, {"model": "auth.permission", "pk": 38, "fields": {"name": "Can change vendor", "content_type": 8, "codename": "change_vendor"}}, {"model": "auth.permission", "pk": 39, "fields": {"name": "Can delete vendor", "content_type": 8, "codename": "delete_vendor"}}, {"model": "auth.permission", "pk": 40, "fields": {"name": "Can view vendor", "content_type": 8, "codename": "view_vendor"}}, {"model": "auth.permission", "pk": 41, "fields": {"name": "Can add buyer", "content_type": 9, "codename": "add_buyer"}}, {"model": "auth.permission", "pk": 42, "fields": {"name": "Can change buyer", "content_type": 9, "codename": "change_buyer"}}, {"model": "auth.permission", "pk": 43, "fields": {"name": "Can delete buyer", "content_type": 9, "codename": "delete_buyer"}}, {"model": "auth.permission", "pk": 44, "fields": {"name": "Can view buyer", "content_type": 9, "codename": "view_buyer"}}, {"model": "auth.permission", "pk": 45, "fields": {"name": "Can add product term", "content_type": 10, "codename": "add_productterm"}}, {"model": "auth.permission", "pk": 46, "fields": {"name": "Can change product term", "content_type": 10, "codename": "change_productterm"}}, {"model": "auth.permission", "pk": 47, "fields": {"name": "Can delete product term", "content_type": 10, "codename": "delete_productterm"}}, {"model": "auth.permission", "pk": 48, "fields": {"name": "Can view product term", "content_type": 10, "codename": "view_productterm"}}, {"model": "auth.permission", "pk": 49, "fields": {"name": "Can add product", "content_type": 11, "codename": "add_product"}}, {"model": "auth.permission", "pk": 50, "fields": {"name": "Can change product", "content_type": 11, "codename": "change_product"}}, {"model": "auth.permission", "pk": 51, "fields": {"name": "Can delete product", "content_type": 11, "codename": "delete_product"}}, {"model": "auth.permission", "pk": 52, "fields": {"name": "Can view product", "content_type": 11, "codename": "view_product"}}, {"model": "auth.permission", "pk": 53, "fields": {"name": "Can add term", "content_type": 12, "codename": "add_term"}}, {"model": "auth.permission", "pk": 54, "fields": {"name": "Can change term", "content_type": 12, "codename": "change_term"}}, {"model": "auth.permission", "pk": 55, "fields": {"name": "Can delete term", "content_type": 12, "codename": "delete_term"}}, {"model": "auth.permission", "pk": 56, "fields": {"name": "Can view term", "content_type": 12, "codename": "view_term"}}, {"model": "auth.permission", "pk": 57, "fields": {"name": "Can add product category", "content_type": 13, "codename": "add_productcategory"}}, {"model": "auth.permission", "pk": 58, "fields": {"name": "Can change product category", "content_type": 13, "codename": "change_productcategory"}}, {"model": "auth.permission", "pk": 59, "fields": {"name": "Can delete product category", "content_type": 13, "codename": "delete_productcategory"}}, {"model": "auth.permission", "pk": 60, "fields": {"name": "Can view product category", "content_type": 13, "codename": "view_productcategory"}}, {"model": "auth.permission", "pk": 61, "fields": {"name": "Can add category", "content_type": 14, "codename": "add_category"}}, {"model": "auth.permission", "pk": 62, "fields": {"name": "Can change category", "content_type": 14, "codename": "change_category"}}, {"model": "auth.permission", "pk": 63, "fields": {"name": "Can delete category", "content_type": 14, "codename": "delete_category"}}, {"model": "auth.permission", "pk": 64, "fields": {"name": "Can view category", "content_type": 14, "codename": "view_category"}}, {"model": "auth.permission", "pk": 65, "fields": {"name": "Can add tag", "content_type": 15, "codename": "add_tag"}}, {"model": "auth.permission", "pk": 66, "fields": {"name": "Can change tag", "content_type": 15, "codename": "change_tag"}}, {"model": "auth.permission", "pk": 67, "fields": {"name": "Can delete tag", "content_type": 15, "codename": "delete_tag"}}, {"model": "auth.permission", "pk": 68, "fields": {"name": "Can view tag", "content_type": 15, "codename": "view_tag"}}, {"model": "auth.permission", "pk": 69, "fields": {"name": "Can add tagged item", "content_type": 16, "codename": "add_taggeditem"}}, {"model": "auth.permission", "pk": 70, "fields": {"name": "Can change tagged item", "content_type": 16, "codename": "change_taggeditem"}}, {"model": "auth.permission", "pk": 71, "fields": {"name": "Can delete tagged item", "content_type": 16, "codename": "delete_taggeditem"}}, {"model": "auth.permission", "pk": 72, "fields": {"name": "Can view tagged item", "content_type": 16, "codename": "view_taggeditem"}}, {"model": "auth.permission", "pk": 73, "fields": {"name": "Can add tag", "content_type": 17, "codename": "add_tag"}}, {"model": "auth.permission", "pk": 74, "fields": {"name": "Can change tag", "content_type": 17, "codename": "change_tag"}}, {"model": "auth.permission", "pk": 75, "fields": {"name": "Can delete tag", "content_type": 17, "codename": "delete_tag"}}, {"model": "auth.permission", "pk": 76, "fields": {"name": "Can view tag", "content_type": 17, "codename": "view_tag"}}, {"model": "auth.permission", "pk": 77, "fields": {"name": "Can add tagged item", "content_type": 18, "codename": "add_taggeditem"}}, {"model": "auth.permission", "pk": 78, "fields": {"name": "Can change tagged item", "content_type": 18, "codename": "change_taggeditem"}}, {"model": "auth.permission", "pk": 79, "fields": {"name": "Can delete tagged item", "content_type": 18, "codename": "delete_taggeditem"}}, {"model": "auth.permission", "pk": 80, "fields": {"name": "Can view tagged item", "content_type": 18, "codename": "view_taggeditem"}}, {"model": "auth.permission", "pk": 81, "fields": {"name": "Can add vendor review", "content_type": 19, "codename": "add_vendorreview"}}, {"model": "auth.permission", "pk": 82, "fields": {"name": "Can change vendor review", "content_type": 19, "codename": "change_vendorreview"}}, {"model": "auth.permission", "pk": 83, "fields": {"name": "Can delete vendor review", "content_type": 19, "codename": "delete_vendorreview"}}, {"model": "auth.permission", "pk": 84, "fields": {"name": "Can view vendor review", "content_type": 19, "codename": "view_vendorreview"}}, {"model": "auth.permission", "pk": 85, "fields": {"name": "Can add site order", "content_type": 20, "codename": "add_siteorder"}}, {"model": "auth.permission", "pk": 86, "fields": {"name": "Can change site order", "content_type": 20, "codename": "change_siteorder"}}, {"model": "auth.permission", "pk": 87, "fields": {"name": "Can delete site order", "content_type": 20, "codename": "delete_siteorder"}}, {"model": "auth.permission", "pk": 88, "fields": {"name": "Can view site order", "content_type": 20, "codename": "view_siteorder"}}, {"model": "auth.permission", "pk": 89, "fields": {"name": "Can add wishlist item", "content_type": 21, "codename": "add_wishlistitem"}}, {"model": "auth.permission", "pk": 90, "fields": {"name": "Can change wishlist item", "content_type": 21, "codename": "change_wishlistitem"}}, {"model": "auth.permission", "pk": 91, "fields": {"name": "Can delete wishlist item", "content_type": 21, "codename": "delete_wishlistitem"}}, {"model": "auth.permission", "pk": 92, "fields": {"name": "Can view wishlist item", "content_type": 21, "codename": "view_wishlistitem"}}, {"model": "auth.permission", "pk": 93, "fields": {"name": "Can add order item", "content_type": 22, "codename": "add_orderitem"}}, {"model": "auth.permission", "pk": 94, "fields": {"name": "Can change order item", "content_type": 22, "codename": "change_orderitem"}}, {"model": "auth.permission", "pk": 95, "fields": {"name": "Can delete order item", "content_type": 22, "codename": "delete_orderitem"}}, {"model": "auth.permission", "pk": 96, "fields": {"name": "Can view order item", "content_type": 22, "codename": "view_orderitem"}}, {"model": "auth.permission", "pk": 97, "fields": {"name": "Can add cart item", "content_type": 23, "codename": "add_cartitem"}}, {"model": "auth.permission", "pk": 98, "fields": {"name": "Can change cart item", "content_type": 23, "codename": "change_cartitem"}}, {"model": "auth.permission", "pk": 99, "fields": {"name": "Can delete cart item", "content_type": 23, "codename": "delete_cartitem"}}, {"model": "auth.permission", "pk": 100, "fields": {"name": "Can view cart item", "content_type": 23, "codename": "view_cartitem"}}, {"model": "auth.permission", "pk": 101, "fields": {"name": "Can add product review", "content_type": 24, "codename": "add_productreview"}}, {"model": "auth.permission", "pk": 102, "fields": {"name": "Can change product review", "content_type": 24, "codename": "change_productreview"}}, {"model": "auth.permission", "pk": 103, "fields": {"name": "Can delete product review", "content_type": 24, "codename": "delete_productreview"}}, {"model": "auth.permission", "pk": 104, "fields": {"name": "Can view product review", "content_type": 24, "codename": "view_productreview"}}, {"model": "auth.permission", "pk": 105, "fields": {"name": "Can add buyer product", "content_type": 25, "codename": "add_buyerproduct"}}, {"model": "auth.permission", "pk": 106, "fields": {"name": "Can change buyer product", "content_type": 25, "codename": "change_buyerproduct"}}, {"model": "auth.permission", "pk": 107, "fields": {"name": "Can delete buyer product", "content_type": 25, "codename": "delete_buyerproduct"}}, {"model": "auth.permission", "pk": 108, "fields": {"name": "Can view buyer product", "content_type": 25, "codename": "view_buyerproduct"}}, {"model": "auth.permission", "pk": 109, "fields": {"name": "Can add buyer product category", "content_type": 26, "codename": "add_buyerproductcategory"}}, {"model": "auth.permission", "pk": 110, "fields": {"name": "Can change buyer product category", "content_type": 26, "codename": "change_buyerproductcategory"}}, {"model": "auth.permission", "pk": 111, "fields": {"name": "Can delete buyer product category", "content_type": 26, "codename": "delete_buyerproductcategory"}}, {"model": "auth.permission", "pk": 112, "fields": {"name": "Can view buyer product category", "content_type": 26, "codename": "view_buyerproductcategory"}}, {"model": "taggit.taggeditem", "pk": 24, "fields": {"tag": 8, "content_type": 11, "object_id": 5}}, {"model": "taggit.taggeditem", "pk": 25, "fields": {"tag": 9, "content_type": 11, "object_id": 5}}, {"model": "taggit.taggeditem", "pk": 26, "fields": {"tag": 10, "content_type": 11, "object_id": 5}}, {"model": "taggit.taggeditem", "pk": 27, "fields": {"tag": 6, "content_type": 25, "object_id": 5}}, {"model": "taggit.taggeditem", "pk": 28, "fields": {"tag": 7, "content_type": 25, "object_id": 5}}, {"model": "taggit.taggeditem", "pk": 29, "fields": {"tag": 10, "content_type": 11, "object_id": 6}}, {"model": "taggit.taggeditem", "pk": 30, "fields": {"tag": 6, "content_type": 11, "object_id": 6}}, {"model": "taggit.taggeditem", "pk": 31, "fields": {"tag": 10, "content_type": 11, "object_id": 7}}, {"model": "taggit.taggeditem", "pk": 32, "fields": {"tag": 11, "content_type": 11, "object_id": 7}}, {"model": "taggit.taggeditem", "pk": 33, "fields": {"tag": 6, "content_type": 11, "object_id": 7}}, {"model": "taggit.taggeditem", "pk": 34, "fields": {"tag": 10, "content_type": 11, "object_id": 8}}, {"model": "taggit.taggeditem", "pk": 35, "fields": {"tag": 12, "content_type": 11, "object_id": 8}}, {"model": "taggit.taggeditem", "pk": 36, "fields": {"tag": 7, "content_type": 11, "object_id": 8}}, {"model": "taggit.taggeditem", "pk": 37, "fields": {"tag": 8, "content_type": 11, "object_id": 9}}, {"model": "auth.group", "pk": 2, "fields": {"name": "Admin", "permissions": []}}, {"model": "auth.group", "pk": 3, "fields": {"name": "Buyer", "permissions": []}}, {"model": "auth.group", "pk": 4, "fields": {"name": "Vendor", "permissions": []}}, {"model": "auth.user", "pk": 1, "fields": {"password": "pbkdf2_sha256$180000$V7XNe22HwqHo$jcutvrP7IxNizOszhj0dVykmvoeSrqkuakVXbl80tv0=", "last_login": "2020-08-25T16:52:17.221Z", "is_superuser": true, "username": "megadmin", "first_name": "Meg", "last_name": "Tuason", "email": "meg@gmail.com", "is_staff": true, "is_active": true, "date_joined": "2020-07-19T06:59:27Z", "groups": [2], "user_permissions": []}}, {"model": "auth.user", "pk": 8, "fields": {"password": "pbkdf2_sha256$180000$Clbt9McLCWe0$uNUs/QVoe2jxnYEOrv+HfKjvZNFbSjxJz2EolysGORU=", "last_login": "2020-08-25T16:51:58.569Z", "is_superuser": false, "username": "test-admin", "first_name": "Admin", "last_name": "Test", "email": "testadmin@gmail.com", "is_staff": false, "is_active": true, "date_joined": "2020-08-25T16:42:05Z", "groups": [2], "user_permissions": []}}, {"model": "auth.user", "pk": 9, "fields": {"password": "pbkdf2_sha256$180000$TpCr4TOfuJ9Q$2g0G8GWpOSSipgj4VuWmE+qpq3Pf/0nY8LsuQ46TH8g=", "last_login": null, "is_superuser": false, "username": "test-store", "first_name": "Store", "last_name": "Test", "email": "teststore@gmail.com", "is_staff": false, "is_active": true, "date_joined": "2020-08-25T16:42:49Z", "groups": [4], "user_permissions": []}}, {"model": "auth.user", "pk": 10, "fields": {"password": "pbkdf2_sha256$180000$WSEZ3Ws0SFbK$jFIH1/06XsK/mvfiA8YGs203+7sHwj5Y/waM5frT3iM=", "last_login": null, "is_superuser": false, "username": "test-buyer", "first_name": "Buyer", "last_name": "Test", "email": "testbuyer@gmail.com", "is_staff": false, "is_active": true, "date_joined": "2020-08-25T16:43:20Z", "groups": [3], "user_permissions": []}}, {"model": "auth.user", "pk": 11, "fields": {"password": "pbkdf2_sha256$180000$rDsxC1czVq2c$kKjIOQoag6TJcVkL89dXPwMDywkdTFlc70Anh05IPwc=", "last_login": "2020-08-27T13:18:29.661Z", "is_superuser": false, "username": "test-user", "first_name": "User", "last_name": "Test", "email": "testuser@gmail.com", "is_staff": false, "is_active": true, "date_joined": "2020-08-25T16:43:40Z", "groups": [], "user_permissions": []}}, {"model": "auth.user", "pk": 12, "fields": {"password": "pbkdf2_sha256$180000$o88rjCTDR0W8$cJXp57I4jh3QoMcApYRyfC1UVOIPAiJVIzAWrK0Hqsc=", "last_login": null, "is_superuser": false, "username": "test-store-2", "first_name": "Test2", "last_name": "Store", "email": "teststoretwo@gmail.com", "is_staff": false, "is_active": true, "date_joined": "2020-08-25T16:50:53.426Z", "groups": [4], "user_permissions": []}}, {"model": "admin.logentry", "pk": 1, "fields": {"action_time": "2020-07-19T07:09:46.033Z", "user": 1, "content_type": 3, "object_id": "1", "object_repr": "Admin", "action_flag": 1, "change_message": "[{\"added\": {}}]"}}, {"model": "admin.logentry", "pk": 2, "fields": {"action_time": "2020-07-19T07:10:05.108Z", "user": 1, "content_type": 4, "object_id": "1", "object_repr": "megadmin", "action_flag": 2, "change_message": "[{\"changed\": {\"fields\": [\"Groups\"]}}]"}}, {"model": "admin.logentry", "pk": 3, "fields": {"action_time": "2020-07-19T07:27:03.659Z", "user": 1, "content_type": 3, "object_id": "1", "object_repr": "Admin", "action_flag": 3, "change_message": ""}}, {"model": "admin.logentry", "pk": 4, "fields": {"action_time": "2020-07-19T09:31:14.772Z", "user": 1, "content_type": 4, "object_id": "2", "object_repr": "testuser", "action_flag": 3, "change_message": ""}}, {"model": "admin.logentry", "pk": 5, "fields": {"action_time": "2020-07-19T09:36:56.298Z", "user": 1, "content_type": 4, "object_id": "3", "object_repr": "testuser", "action_flag": 3, "change_message": ""}}, {"model": "admin.logentry", "pk": 6, "fields": {"action_time": "2020-07-19T09:40:50.761Z", "user": 1, "content_type": 4, "object_id": "4", "object_repr": "testuser3", "action_flag": 3, "change_message": ""}}, {"model": "admin.logentry", "pk": 7, "fields": {"action_time": "2020-07-19T12:01:12.141Z", "user": 1, "content_type": 4, "object_id": "5", "object_repr": "testuser4", "action_flag": 3, "change_message": ""}}, {"model": "admin.logentry", "pk": 8, "fields": {"action_time": "2020-07-23T16:19:56.782Z", "user": 1, "content_type": 3, "object_id": "2", "object_repr": "Admin", "action_flag": 1, "change_message": "[{\"added\": {}}]"}}, {"model": "admin.logentry", "pk": 9, "fields": {"action_time": "2020-07-23T16:20:23.066Z", "user": 1, "content_type": 4, "object_id": "7", "object_repr": "testadmin", "action_flag": 2, "change_message": "[{\"changed\": {\"fields\": [\"Groups\"]}}]"}}, {"model": "admin.logentry", "pk": 10, "fields": {"action_time": "2020-07-23T16:20:43.605Z", "user": 1, "content_type": 4, "object_id": "1", "object_repr": "megadmin", "action_flag": 2, "change_message": "[{\"changed\": {\"fields\": [\"Groups\"]}}]"}}, {"model": "admin.logentry", "pk": 11, "fields": {"action_time": "2020-07-23T19:20:08.598Z", "user": 1, "content_type": 9, "object_id": "1", "object_repr": "None", "action_flag": 3, "change_message": ""}}, {"model": "admin.logentry", "pk": 12, "fields": {"action_time": "2020-07-24T04:43:38.326Z", "user": 1, "content_type": 3, "object_id": "3", "object_repr": "Buyer", "action_flag": 1, "change_message": "[{\"added\": {}}]"}}, {"model": "admin.logentry", "pk": 13, "fields": {"action_time": "2020-07-24T04:43:42.225Z", "user": 1, "content_type": 3, "object_id": "4", "object_repr": "Vendor", "action_flag": 1, "change_message": "[{\"added\": {}}]"}}, {"model": "admin.logentry", "pk": 14, "fields": {"action_time": "2020-07-24T05:05:26.028Z", "user": 1, "content_type": 9, "object_id": "4", "object_repr": "jj", "action_flag": 3, "change_message": ""}}, {"model": "admin.logentry", "pk": 15, "fields": {"action_time": "2020-07-24T05:05:26.031Z", "user": 1, "content_type": 9, "object_id": "3", "object_repr": "jj", "action_flag": 3, "change_message": ""}}, {"model": "admin.logentry", "pk": 16, "fields": {"action_time": "2020-07-24T05:05:26.033Z", "user": 1, "content_type": 9, "object_id": "2", "object_repr": "None", "action_flag": 3, "change_message": ""}}, {"model": "admin.logentry", "pk": 17, "fields": {"action_time": "2020-07-24T05:05:54.623Z", "user": 1, "content_type": 4, "object_id": "1", "object_repr": "megadmin", "action_flag": 2, "change_message": "[{\"changed\": {\"fields\": [\"Groups\"]}}]"}}, {"model": "admin.logentry", "pk": 18, "fields": {"action_time": "2020-07-24T05:18:14.239Z", "user": 1, "content_type": 4, "object_id": "1", "object_repr": "megadmin", "action_flag": 2, "change_message": "[{\"changed\": {\"fields\": [\"Groups\"]}}]"}}, {"model": "admin.logentry", "pk": 19, "fields": {"action_time": "2020-07-24T05:25:22.731Z", "user": 1, "content_type": 9, "object_id": "5", "object_repr": "None", "action_flag": 3, "change_message": ""}}, {"model": "admin.logentry", "pk": 20, "fields": {"action_time": "2020-07-24T05:25:39.865Z", "user": 1, "content_type": 4, "object_id": "1", "object_repr": "megadmin", "action_flag": 2, "change_message": "[{\"changed\": {\"fields\": [\"Groups\"]}}]"}}, {"model": "admin.logentry", "pk": 21, "fields": {"action_time": "2020-07-24T05:38:14.615Z", "user": 1, "content_type": 4, "object_id": "1", "object_repr": "megadmin", "action_flag": 2, "change_message": "[{\"changed\": {\"fields\": [\"Groups\"]}}]"}}, {"model": "admin.logentry", "pk": 22, "fields": {"action_time": "2020-07-24T05:38:27.192Z", "user": 1, "content_type": 9, "object_id": "6", "object_repr": "None", "action_flag": 3, "change_message": ""}}, {"model": "admin.logentry", "pk": 23, "fields": {"action_time": "2020-07-24T18:21:07.762Z", "user": 1, "content_type": 4, "object_id": "7", "object_repr": "testadmin", "action_flag": 2, "change_message": "[{\"changed\": {\"fields\": [\"Groups\"]}}]"}}, {"model": "admin.logentry", "pk": 24, "fields": {"action_time": "2020-07-31T08:14:38.808Z", "user": 1, "content_type": 11, "object_id": "5", "object_repr": "test4", "action_flag": 3, "change_message": ""}}, {"model": "admin.logentry", "pk": 25, "fields": {"action_time": "2020-07-31T08:14:38.810Z", "user": 1, "content_type": 11, "object_id": "2", "object_repr": "test-product", "action_flag": 3, "change_message": ""}}, {"model": "admin.logentry", "pk": 26, "fields": {"action_time": "2020-07-31T08:14:38.812Z", "user": 1, "content_type": 11, "object_id": "1", "object_repr": "cheetos", "action_flag": 3, "change_message": ""}}, {"model": "admin.logentry", "pk": 27, "fields": {"action_time": "2020-07-31T12:32:50.903Z", "user": 1, "content_type": 11, "object_id": "6", "object_repr": "test-product", "action_flag": 3, "change_message": ""}}, {"model": "admin.logentry", "pk": 28, "fields": {"action_time": "2020-07-31T15:27:45.808Z", "user": 1, "content_type": 11, "object_id": "1", "object_repr": "test-product", "action_flag": 3, "change_message": ""}}, {"model": "admin.logentry", "pk": 29, "fields": {"action_time": "2020-08-02T09:25:13.707Z", "user": 1, "content_type": 9, "object_id": "7", "object_repr": "Swag Toogle", "action_flag": 3, "change_message": ""}}, {"model": "admin.logentry", "pk": 30, "fields": {"action_time": "2020-08-02T09:25:22.661Z", "user": 1, "content_type": 8, "object_id": "1", "object_repr": "Meg's Magic Store", "action_flag": 3, "change_message": ""}}, {"model": "admin.logentry", "pk": 31, "fields": {"action_time": "2020-08-02T09:27:41.084Z", "user": 1, "content_type": 11, "object_id": "3", "object_repr": "test-product", "action_flag": 3, "change_message": ""}}, {"model": "admin.logentry", "pk": 32, "fields": {"action_time": "2020-08-02T09:27:52.554Z", "user": 1, "content_type": 8, "object_id": "1", "object_repr": "Meg's Magic Store", "action_flag": 3, "change_message": ""}}, {"model": "admin.logentry", "pk": 33, "fields": {"action_time": "2020-08-02T10:26:39.446Z", "user": 1, "content_type": 9, "object_id": "1", "object_repr": "Nice BUyer", "action_flag": 3, "change_message": ""}}, {"model": "admin.logentry", "pk": 34, "fields": {"action_time": "2020-08-02T10:28:24.989Z", "user": 1, "content_type": 4, "object_id": "6", "object_repr": "testuser", "action_flag": 2, "change_message": "[{\"changed\": {\"fields\": [\"Groups\"]}}]"}}, {"model": "admin.logentry", "pk": 35, "fields": {"action_time": "2020-08-02T10:33:32.144Z", "user": 1, "content_type": 4, "object_id": "1", "object_repr": "megadmin", "action_flag": 2, "change_message": "[{\"changed\": {\"fields\": [\"Groups\"]}}]"}}, {"model": "admin.logentry", "pk": 36, "fields": {"action_time": "2020-08-05T19:16:33.140Z", "user": 1, "content_type": 21, "object_id": "1", "object_repr": "test-product", "action_flag": 3, "change_message": ""}}, {"model": "admin.logentry", "pk": 37, "fields": {"action_time": "2020-08-05T19:17:40.186Z", "user": 1, "content_type": 21, "object_id": "2", "object_repr": "test-product", "action_flag": 3, "change_message": ""}}, {"model": "admin.logentry", "pk": 38, "fields": {"action_time": "2020-08-05T19:26:00.841Z", "user": 1, "content_type": 21, "object_id": "3", "object_repr": "test-product", "action_flag": 3, "change_message": ""}}, {"model": "admin.logentry", "pk": 39, "fields": {"action_time": "2020-08-05T19:34:58.286Z", "user": 1, "content_type": 21, "object_id": "4", "object_repr": "test-product", "action_flag": 3, "change_message": ""}}, {"model": "admin.logentry", "pk": 40, "fields": {"action_time": "2020-08-05T19:36:31.753Z", "user": 1, "content_type": 21, "object_id": "5", "object_repr": "test-product", "action_flag": 3, "change_message": ""}}, {"model": "admin.logentry", "pk": 41, "fields": {"action_time": "2020-08-06T12:53:18.180Z", "user": 1, "content_type": 21, "object_id": "6", "object_repr": "test-product", "action_flag": 3, "change_message": ""}}, {"model": "admin.logentry", "pk": 42, "fields": {"action_time": "2020-08-06T13:12:33.642Z", "user": 1, "content_type": 21, "object_id": "7", "object_repr": "test-product", "action_flag": 3, "change_message": ""}}, {"model": "admin.logentry", "pk": 43, "fields": {"action_time": "2020-08-06T13:15:05.062Z", "user": 1, "content_type": 21, "object_id": "8", "object_repr": "test-product", "action_flag": 3, "change_message": ""}}, {"model": "admin.logentry", "pk": 44, "fields": {"action_time": "2020-08-06T13:48:21.732Z", "user": 1, "content_type": 21, "object_id": "9", "object_repr": "test-product", "action_flag": 3, "change_message": ""}}, {"model": "admin.logentry", "pk": 45, "fields": {"action_time": "2020-08-06T14:09:25.827Z", "user": 1, "content_type": 21, "object_id": "10", "object_repr": "test-product", "action_flag": 3, "change_message": ""}}, {"model": "admin.logentry", "pk": 46, "fields": {"action_time": "2020-08-06T14:10:26.930Z", "user": 1, "content_type": 21, "object_id": "11", "object_repr": "test-product", "action_flag": 3, "change_message": ""}}, {"model": "admin.logentry", "pk": 47, "fields": {"action_time": "2020-08-06T14:11:28.030Z", "user": 1, "content_type": 21, "object_id": "12", "object_repr": "test-product", "action_flag": 3, "change_message": ""}}, {"model": "admin.logentry", "pk": 48, "fields": {"action_time": "2020-08-07T15:34:29.136Z", "user": 1, "content_type": 23, "object_id": "1", "object_repr": "test-product-2", "action_flag": 3, "change_message": ""}}, {"model": "admin.logentry", "pk": 49, "fields": {"action_time": "2020-08-15T15:55:35.454Z", "user": 1, "content_type": 20, "object_id": "6", "object_repr": "testadmin", "action_flag": 3, "change_message": ""}}, {"model": "admin.logentry", "pk": 50, "fields": {"action_time": "2020-08-15T15:55:35.457Z", "user": 1, "content_type": 20, "object_id": "5", "object_repr": "testadmin", "action_flag": 3, "change_message": ""}}, {"model": "admin.logentry", "pk": 51, "fields": {"action_time": "2020-08-15T15:55:35.461Z", "user": 1, "content_type": 20, "object_id": "4", "object_repr": "testadmin", "action_flag": 3, "change_message": ""}}, {"model": "admin.logentry", "pk": 52, "fields": {"action_time": "2020-08-15T15:55:35.464Z", "user": 1, "content_type": 20, "object_id": "3", "object_repr": "testadmin", "action_flag": 3, "change_message": ""}}, {"model": "admin.logentry", "pk": 53, "fields": {"action_time": "2020-08-15T15:55:35.467Z", "user": 1, "content_type": 20, "object_id": "2", "object_repr": "testadmin", "action_flag": 3, "change_message": ""}}, {"model": "admin.logentry", "pk": 54, "fields": {"action_time": "2020-08-15T15:55:35.469Z", "user": 1, "content_type": 20, "object_id": "1", "object_repr": "testadmin", "action_flag": 3, "change_message": ""}}, {"model": "admin.logentry", "pk": 55, "fields": {"action_time": "2020-08-15T16:49:52.940Z", "user": 1, "content_type": 20, "object_id": "7", "object_repr": "testadmin", "action_flag": 3, "change_message": ""}}, {"model": "admin.logentry", "pk": 56, "fields": {"action_time": "2020-08-15T18:32:47.598Z", "user": 1, "content_type": 20, "object_id": "1", "object_repr": "megadmin", "action_flag": 3, "change_message": ""}}, {"model": "admin.logentry", "pk": 57, "fields": {"action_time": "2020-08-18T07:51:40.228Z", "user": 1, "content_type": 20, "object_id": "11", "object_repr": "megadmin", "action_flag": 3, "change_message": ""}}, {"model": "admin.logentry", "pk": 58, "fields": {"action_time": "2020-08-18T07:51:40.231Z", "user": 1, "content_type": 20, "object_id": "10", "object_repr": "megadmin", "action_flag": 3, "change_message": ""}}, {"model": "admin.logentry", "pk": 59, "fields": {"action_time": "2020-08-18T07:51:40.233Z", "user": 1, "content_type": 20, "object_id": "3", "object_repr": "megadmin", "action_flag": 3, "change_message": ""}}, {"model": "admin.logentry", "pk": 60, "fields": {"action_time": "2020-08-18T07:58:46.829Z", "user": 1, "content_type": 20, "object_id": "12", "object_repr": "testadmin", "action_flag": 3, "change_message": ""}}, {"model": "admin.logentry", "pk": 61, "fields": {"action_time": "2020-08-18T08:03:03.665Z", "user": 1, "content_type": 23, "object_id": "61", "object_repr": "Test-proddy", "action_flag": 3, "change_message": ""}}, {"model": "admin.logentry", "pk": 62, "fields": {"action_time": "2020-08-18T08:03:03.671Z", "user": 1, "content_type": 23, "object_id": "60", "object_repr": "test-product-2", "action_flag": 3, "change_message": ""}}, {"model": "admin.logentry", "pk": 63, "fields": {"action_time": "2020-08-18T08:03:03.673Z", "user": 1, "content_type": 23, "object_id": "57", "object_repr": "test-product-2", "action_flag": 3, "change_message": ""}}, {"model": "admin.logentry", "pk": 64, "fields": {"action_time": "2020-08-18T08:03:34.130Z", "user": 1, "content_type": 23, "object_id": "62", "object_repr": "test-product-2", "action_flag": 3, "change_message": ""}}, {"model": "admin.logentry", "pk": 65, "fields": {"action_time": "2020-08-18T08:20:55.044Z", "user": 1, "content_type": 23, "object_id": "63", "object_repr": "test-product-2", "action_flag": 3, "change_message": ""}}, {"model": "admin.logentry", "pk": 66, "fields": {"action_time": "2020-08-18T08:21:06.230Z", "user": 1, "content_type": 20, "object_id": "13", "object_repr": "megadmin", "action_flag": 3, "change_message": ""}}, {"model": "admin.logentry", "pk": 67, "fields": {"action_time": "2020-08-18T08:26:15.382Z", "user": 1, "content_type": 20, "object_id": "14", "object_repr": "megadmin", "action_flag": 3, "change_message": ""}}, {"model": "admin.logentry", "pk": 68, "fields": {"action_time": "2020-08-18T08:26:20.332Z", "user": 1, "content_type": 23, "object_id": "68", "object_repr": "Test-proddy", "action_flag": 3, "change_message": ""}}, {"model": "admin.logentry", "pk": 69, "fields": {"action_time": "2020-08-18T08:26:20.337Z", "user": 1, "content_type": 23, "object_id": "67", "object_repr": "test-product", "action_flag": 3, "change_message": ""}}, {"model": "admin.logentry", "pk": 70, "fields": {"action_time": "2020-08-18T08:26:20.340Z", "user": 1, "content_type": 23, "object_id": "66", "object_repr": "test-product-2", "action_flag": 3, "change_message": ""}}, {"model": "admin.logentry", "pk": 71, "fields": {"action_time": "2020-08-18T08:27:36.826Z", "user": 1, "content_type": 20, "object_id": "15", "object_repr": "megadmin", "action_flag": 3, "change_message": ""}}, {"model": "admin.logentry", "pk": 72, "fields": {"action_time": "2020-08-18T08:27:43.451Z", "user": 1, "content_type": 23, "object_id": "71", "object_repr": "Test-proddy", "action_flag": 3, "change_message": ""}}, {"model": "admin.logentry", "pk": 73, "fields": {"action_time": "2020-08-18T08:27:43.455Z", "user": 1, "content_type": 23, "object_id": "70", "object_repr": "test-product", "action_flag": 3, "change_message": ""}}, {"model": "admin.logentry", "pk": 74, "fields": {"action_time": "2020-08-18T08:27:43.458Z", "user": 1, "content_type": 23, "object_id": "69", "object_repr": "test-product-2", "action_flag": 3, "change_message": ""}}, {"model": "admin.logentry", "pk": 75, "fields": {"action_time": "2020-08-18T08:31:07.915Z", "user": 1, "content_type": 20, "object_id": "16", "object_repr": "megadmin", "action_flag": 3, "change_message": ""}}, {"model": "admin.logentry", "pk": 76, "fields": {"action_time": "2020-08-18T08:33:50.591Z", "user": 1, "content_type": 20, "object_id": "19", "object_repr": "megadmin", "action_flag": 3, "change_message": ""}}, {"model": "admin.logentry", "pk": 77, "fields": {"action_time": "2020-08-18T08:33:50.596Z", "user": 1, "content_type": 20, "object_id": "18", "object_repr": "megadmin", "action_flag": 3, "change_message": ""}}, {"model": "admin.logentry", "pk": 78, "fields": {"action_time": "2020-08-18T08:33:50.598Z", "user": 1, "content_type": 20, "object_id": "17", "object_repr": "megadmin", "action_flag": 3, "change_message": ""}}, {"model": "admin.logentry", "pk": 79, "fields": {"action_time": "2020-08-18T08:34:23.647Z", "user": 1, "content_type": 20, "object_id": "21", "object_repr": "megadmin", "action_flag": 3, "change_message": ""}}, {"model": "admin.logentry", "pk": 80, "fields": {"action_time": "2020-08-18T08:34:23.650Z", "user": 1, "content_type": 20, "object_id": "20", "object_repr": "megadmin", "action_flag": 3, "change_message": ""}}, {"model": "admin.logentry", "pk": 81, "fields": {"action_time": "2020-08-18T10:25:14.608Z", "user": 1, "content_type": 19, "object_id": "1", "object_repr": "megadmin", "action_flag": 3, "change_message": ""}}, {"model": "admin.logentry", "pk": 82, "fields": {"action_time": "2020-08-18T14:12:35.559Z", "user": 1, "content_type": 19, "object_id": "3", "object_repr": "megadmin", "action_flag": 3, "change_message": ""}}, {"model": "admin.logentry", "pk": 83, "fields": {"action_time": "2020-08-18T14:12:43.608Z", "user": 1, "content_type": 24, "object_id": "1", "object_repr": "megadmin", "action_flag": 3, "change_message": ""}}, {"model": "admin.logentry", "pk": 84, "fields": {"action_time": "2020-08-25T15:59:50.772Z", "user": 1, "content_type": 4, "object_id": "7", "object_repr": "testadmin", "action_flag": 3, "change_message": ""}}, {"model": "admin.logentry", "pk": 85, "fields": {"action_time": "2020-08-25T15:59:50.774Z", "user": 1, "content_type": 4, "object_id": "6", "object_repr": "testuser", "action_flag": 3, "change_message": ""}}, {"model": "admin.logentry", "pk": 86, "fields": {"action_time": "2020-08-25T16:00:26.047Z", "user": 1, "content_type": 20, "object_id": "23", "object_repr": "megadmin", "action_flag": 3, "change_message": ""}}, {"model": "admin.logentry", "pk": 87, "fields": {"action_time": "2020-08-25T16:00:26.051Z", "user": 1, "content_type": 20, "object_id": "22", "object_repr": "megadmin", "action_flag": 3, "change_message": ""}}, {"model": "admin.logentry", "pk": 88, "fields": {"action_time": "2020-08-25T16:00:50.889Z", "user": 1, "content_type": 17, "object_id": "2", "object_repr": "cool", "action_flag": 3, "change_message": ""}}, {"model": "admin.logentry", "pk": 89, "fields": {"action_time": "2020-08-25T16:00:50.892Z", "user": 1, "content_type": 17, "object_id": "3", "object_repr": "little", "action_flag": 3, "change_message": ""}}, {"model": "admin.logentry", "pk": 90, "fields": {"action_time": "2020-08-25T16:00:50.894Z", "user": 1, "content_type": 17, "object_id": "1", "object_repr": "nice", "action_flag": 3, "change_message": ""}}, {"model": "admin.logentry", "pk": 91, "fields": {"action_time": "2020-08-25T16:00:50.896Z", "user": 1, "content_type": 17, "object_id": "4", "object_repr": "smart", "action_flag": 3, "change_message": ""}}, {"model": "admin.logentry", "pk": 92, "fields": {"action_time": "2020-08-25T16:00:50.898Z", "user": 1, "content_type": 17, "object_id": "5", "object_repr": "tiny", "action_flag": 3, "change_message": ""}}, {"model": "admin.logentry", "pk": 93, "fields": {"action_time": "2020-08-25T16:44:03.548Z", "user": 1, "content_type": 4, "object_id": "1", "object_repr": "megadmin", "action_flag": 2, "change_message": "[{\"changed\": {\"fields\": [\"First name\", \"Last name\"]}}]"}}, {"model": "admin.logentry", "pk": 94, "fields": {"action_time": "2020-08-25T16:44:17.302Z", "user": 1, "content_type": 4, "object_id": "8", "object_repr": "test-admin", "action_flag": 2, "change_message": "[{\"changed\": {\"fields\": [\"First name\", \"Last name\"]}}]"}}, {"model": "admin.logentry", "pk": 95, "fields": {"action_time": "2020-08-25T16:44:24.664Z", "user": 1, "content_type": 4, "object_id": "10", "object_repr": "test-buyer", "action_flag": 2, "change_message": "[{\"changed\": {\"fields\": [\"First name\", \"Last name\"]}}]"}}, {"model": "admin.logentry", "pk": 96, "fields": {"action_time": "2020-08-25T16:44:33.084Z", "user": 1, "content_type": 4, "object_id": "9", "object_repr": "test-store", "action_flag": 2, "change_message": "[{\"changed\": {\"fields\": [\"First name\", \"Last name\"]}}]"}}, {"model": "admin.logentry", "pk": 97, "fields": {"action_time": "2020-08-25T16:44:41.930Z", "user": 1, "content_type": 4, "object_id": "11", "object_repr": "test-user", "action_flag": 2, "change_message": "[{\"changed\": {\"fields\": [\"First name\", \"Last name\"]}}]"}}, {"model": "admin.logentry", "pk": 98, "fields": {"action_time": "2020-08-25T16:45:24.435Z", "user": 1, "content_type": 4, "object_id": "8", "object_repr": "test-admin", "action_flag": 2, "change_message": "[{\"changed\": {\"fields\": [\"Staff status\", \"Groups\"]}}]"}}, {"model": "admin.logentry", "pk": 99, "fields": {"action_time": "2020-08-25T16:49:00.988Z", "user": 1, "content_type": 4, "object_id": "8", "object_repr": "test-admin", "action_flag": 2, "change_message": "[{\"changed\": {\"fields\": [\"Groups\"]}}]"}}, {"model": "admin.logentry", "pk": 100, "fields": {"action_time": "2020-08-25T16:49:12.059Z", "user": 1, "content_type": 4, "object_id": "8", "object_repr": "test-admin", "action_flag": 2, "change_message": "[{\"changed\": {\"fields\": [\"Staff status\"]}}]"}}, {"model": "main.siteorder", "pk": 24, "fields": {"user": 11, "contact_no": "09173229285", "date_placed": "2020-08-27T13:22:31.206Z", "status": "Unfulfilled", "total": "3219.00", "payment_method": "Cash on Delivery", "address_line": "17/F Tower 1 Exchange Plaza Ayala Avenue", "city": "Makati City", "state": "Metro Manila", "zip_code": 1200}}, {"model": "main.cartitem", "pk": 80, "fields": {"user": 11, "product": 7, "date_added": "2020-08-27T13:22:50.087Z", "quantity": 1}}, {"model": "main.cartitem", "pk": 81, "fields": {"user": 11, "product": 6, "date_added": "2020-08-27T13:23:27.269Z", "quantity": 1}}, {"model": "main.wishlistitem", "pk": 18, "fields": {"user": 11, "product": 8}}, {"model": "users.buyer", "pk": 4, "fields": {"store_name": "Yeleches", "slug": "yeleches", "store_info": "Lorem ipsum dolor sit amet, consectetur adipiscing elit. Sed purus felis, rutrum tristique lacinia quis, aliquam vitae purus. In placerat et ex id maximus. Integer diam quam, ullamcorper sed tincidunt nec, viverra ut ante. Vestibulum dapibus elementum blandit. Fusce congue sit amet magna id scelerisque. Proin tellus tortor, aliquet quis neque ac, posuere iaculis nibh. Donec euismod ipsum non gravida cursus. Cras sed semper est, pellentesque commodo tellus. Morbi pharetra velit et eros finibus faucibus.", "address_line": "Mercury Ave. Cor. E. Rodriguez Jr. Ave.Keynet Compound Bagumbayan", "city": "Quezon City", "state": "Metro Manila", "zip_code": 1100, "date_joined": "2020-08-25T17:08:34.178Z", "contact_no": "4386768", "secondary_no": "9116709", "image": "store_pics/default_x1qsIsc.jpg", "user": 10}}, {"model": "users.vendor", "pk": 4, "fields": {"store_name": "Topicware", "slug": "topicware", "store_info": "Lorem ipsum dolor sit amet, consectetur adipiscing elit. Sed purus felis, rutrum tristique lacinia quis, aliquam vitae purus. In placerat et ex id maximus. Integer diam quam, ullamcorper sed tincidunt nec, viverra ut ante. Vestibulum dapibus elementum blandit. Fusce congue sit amet magna id scelerisque. Proin tellus tortor, aliquet quis neque ac, posuere iaculis nibh. Donec euismod ipsum non gravida cursus. Cras sed semper est, pellentesque commodo tellus. Morbi pharetra velit et eros finibus faucibus.", "address_line": "17/F Tower 1 Exchange Plaza Ayala Avenue", "city": "Makati City", "state": "Metro Manila", "zip_code": 1200, "date_joined": "2020-08-25T17:00:59.905Z", "contact_no": "8498988", "secondary_no": "8485576", "image": "store_pics/default.jpg", "user": 9}}, {"model": "users.vendor", "pk": 5, "fields": {"store_name": "Pier 39", "slug": "pier-39", "store_info": "Lorem ipsum dolor sit amet, consectetur adipiscing elit. Sed purus felis, rutrum tristique lacinia quis, aliquam vitae purus. In placerat et ex id maximus. Integer diam quam, ullamcorper sed tincidunt nec, viverra ut ante. Vestibulum dapibus elementum blandit. Fusce congue sit amet magna id scelerisque. Proin tellus tortor, aliquet quis neque ac, posuere iaculis nibh. Donec euismod ipsum non gravida cursus. Cras sed semper est, pellentesque commodo tellus. Morbi pharetra velit et eros finibus faucibus.", "address_line": "Wharfside Fish Port Complex", "city": "Navotas", "state": "Navotas", "zip_code": 1485, "date_joined": "2020-08-25T17:05:28.131Z", "contact_no": "2811545", "secondary_no": "6355241", "image": "store_pics/default_ucXsFsZ.jpg", "user": 12}}]