[{"model": "taggit.tag", "pk": 1, "fields": {"name": "keyboard", "slug": "keyboard"}}, {"model": "taggit.tag", "pk": 2, "fields": {"name": "wireless", "slug": "wireless"}}, {"model": "taggit.tag", "pk": 3, "fields": {"name": "bluetooth", "slug": "bluetooth"}}, {"model": "taggit.tag", "pk": 4, "fields": {"name": "monitor", "slug": "monitor"}}, {"model": "taggit.tag", "pk": 5, "fields": {"name": "slim", "slug": "slim"}}, {"model": "taggit.tag", "pk": 6, "fields": {"name": "amd", "slug": "amd"}}, {"model": "taggit.tag", "pk": 7, "fields": {"name": "processor", "slug": "processor"}}, {"model": "taggit.tag", "pk": 8, "fields": {"name": "gaming", "slug": "gaming"}}, {"model": "taggit.tag", "pk": 9, "fields": {"name": "intel", "slug": "intel"}}, {"model": "taggit.tag", "pk": 10, "fields": {"name": "pc", "slug": "pc"}}, {"model": "taggit.tag", "pk": 11, "fields": {"name": "service", "slug": "service"}}, {"model": "taggit.tag", "pk": 12, "fields": {"name": "build", "slug": "build"}}, {"model": "taggit.taggeditem", "pk": 1, "fields": {"tag": 1, "content_type": 12, "object_id": 1}}, {"model": "taggit.taggeditem", "pk": 2, "fields": {"tag": 2, "content_type": 12, "object_id": 1}}, {"model": "taggit.taggeditem", "pk": 3, "fields": {"tag": 3, "content_type": 12, "object_id": 1}}, {"model": "taggit.taggeditem", "pk": 4, "fields": {"tag": 1, "content_type": 12, "object_id": 2}}, {"model": "taggit.taggeditem", "pk": 5, "fields": {"tag": 4, "content_type": 12, "object_id": 3}}, {"model": "taggit.taggeditem", "pk": 6, "fields": {"tag": 5, "content_type": 12, "object_id": 3}}, {"model": "taggit.taggeditem", "pk": 9, "fields": {"tag": 1, "content_type": 12, "object_id": 4}}, {"model": "taggit.taggeditem", "pk": 10, "fields": {"tag": 6, "content_type": 12, "object_id": 5}}, {"model": "taggit.taggeditem", "pk": 11, "fields": {"tag": 7, "content_type": 12, "object_id": 5}}, {"model": "taggit.taggeditem", "pk": 12, "fields": {"tag": 8, "content_type": 12, "object_id": 6}}, {"model": "taggit.taggeditem", "pk": 13, "fields": {"tag": 1, "content_type": 12, "object_id": 6}}, {"model": "taggit.taggeditem", "pk": 14, "fields": {"tag": 9, "content_type": 12, "object_id": 7}}, {"model": "taggit.taggeditem", "pk": 15, "fields": {"tag": 10, "content_type": 12, "object_id": 7}}, {"model": "taggit.taggeditem", "pk": 16, "fields": {"tag": 7, "content_type": 12, "object_id": 7}}, {"model": "taggit.taggeditem", "pk": 17, "fields": {"tag": 8, "content_type": 12, "object_id": 8}}, {"model": "taggit.taggeditem", "pk": 18, "fields": {"tag": 10, "content_type": 12, "object_id": 8}}, {"model": "taggit.taggeditem", "pk": 19, "fields": {"tag": 6, "content_type": 12, "object_id": 8}}, {"model": "taggit.taggeditem", "pk": 20, "fields": {"tag": 9, "content_type": 13, "object_id": 2}}, {"model": "taggit.taggeditem", "pk": 21, "fields": {"tag": 10, "content_type": 13, "object_id": 2}}, {"model": "taggit.taggeditem", "pk": 22, "fields": {"tag": 7, "content_type": 13, "object_id": 2}}, {"model": "taggit.taggeditem", "pk": 23, "fields": {"tag": 6, "content_type": 13, "object_id": 3}}, {"model": "taggit.taggeditem", "pk": 24, "fields": {"tag": 7, "content_type": 13, "object_id": 3}}, {"model": "taggit.taggeditem", "pk": 25, "fields": {"tag": 8, "content_type": 14, "object_id": 2}}, {"model": "taggit.taggeditem", "pk": 26, "fields": {"tag": 9, "content_type": 14, "object_id": 2}}, {"model": "taggit.taggeditem", "pk": 27, "fields": {"tag": 10, "content_type": 14, "object_id": 2}}, {"model": "taggit.taggeditem", "pk": 28, "fields": {"tag": 6, "content_type": 14, "object_id": 2}}, {"model": "taggit.taggeditem", "pk": 29, "fields": {"tag": 10, "content_type": 14, "object_id": 3}}, {"model": "taggit.taggeditem", "pk": 30, "fields": {"tag": 11, "content_type": 14, "object_id": 3}}, {"model": "taggit.taggeditem", "pk": 31, "fields": {"tag": 12, "content_type": 14, "object_id": 3}}, {"model": "users.vendor", "pk": 1, "fields": {"store_name": "KeyCap", "slug": "keycap", "store_info": "Lorem ipsum dolor sit amet, consectetur adipiscing elit. Pellentesque hendrerit ex enim, ut vulputate libero tincidunt quis. Phasellus neque turpis, accumsan ut interdum id, rutrum vel leo. Aliquam faucibus leo vel dolor maximus, a aliquam urna dignissim. Vivamus luctus dignissim sem, sit amet sagittis lacus convallis vel. Morbi mi diam, laoreet non sapien quis, sagittis maximus diam. Vestibulum ante ipsum primis in faucibus orci luctus et ultrices posuere cubilia curae; Vestibulum et suscipit ante. Ut sit amet mattis neque. Nulla aliquam mollis velit eu feugiat.", "address_line": "G/F Philand Building 2290 Pasong Tamo Extension", "city": "Makati City", "state": "Metro Manila", "zip_code": 1200, "date_joined": "2020-10-04T18:06:29.678Z", "contact_no": "8101312", "secondary_no": "8926757", "image": "default.jpg", "user": 3, "status": "Active"}}, {"model": "users.vendor", "pk": 2, "fields": {"store_name": "EasyPCPH", "slug": "easypcph-xEQG", "store_info": "Lorem ipsum dolor sit amet, consectetur adipiscing elit. Curabitur varius dui lacus, id interdum enim vestibulum ullamcorper. Morbi a molestie diam. Phasellus mollis tempor convallis. Aenean sit amet ornare est. Sed ligula tortor, condimentum in pulvinar et, vehicula ut purus. Sed vulputate tempus ultricies. Nulla posuere, erat vitae venenatis dapibus, orci justo sollicitudin ligula, quis sagittis metus diam in massa. Pellentesque habitant morbi tristique senectus et netus et malesuada fames ac turpis egestas. Maecenas eget faucibus urna. Suspendisse tempor commodo vulputate. Pellentesque placerat est eu velit rhoncus viverra. Pellentesque odio risus, scelerisque id mauris sed, feugiat fermentum libero. Donec eu dignissim lorem, quis efficitur nulla. Donec ac dictum lacus. Aliquam malesuada magna arcu, nec facilisis orci tincidunt quis.", "address_line": "G/F Philand Building 2290 Pasong Tamo Extension", "city": "Makati City", "state": "Metro Manila", "zip_code": 1200, "date_joined": "2020-10-04T18:35:43.097Z", "contact_no": "8101312", "secondary_no": "8926757", "image": "default.jpg", "user": 4, "status": "Active"}}, {"model": "users.vendor", "pk": 3, "fields": {"store_name": "Benson", "slug": "benson-sGxr", "store_info": "Lorem ipsum dolor sit amet, consectetur adipiscing elit. Morbi lorem orci, malesuada at quam a, malesuada blandit dui. Donec et mauris ipsum. Maecenas in pharetra orci, a varius risus. Nunc ut magna sit amet libero rhoncus feugiat vel quis metus. Vivamus eget euismod enim. Mauris vel imperdiet diam. Nullam tempor pulvinar arcu eu commodo. Aliquam interdum velit libero, non commodo turpis pulvinar non. Aenean congue neque et justo finibus finibus dapibus eu mauris. Duis cursus leo id eleifend commodo. Vivamus lacinia magna non magna mattis, nec convallis risus finibus", "address_line": "G/F Philand Building 2290 Pasong Tamo Extension", "city": "Makati City", "state": "Metro Manila", "zip_code": 1200, "date_joined": "2020-10-05T08:15:30.449Z", "contact_no": "8101312", "secondary_no": "8926757", "image": "default.jpg", "user": 5, "status": "Active"}}, {"model": "users.serviceprovider", "pk": 2, "fields": {"store_name": "SwigBuilds", "slug": "swigbuilds-AusY", "provider_info": "Lorem ipsum dolor sit amet, consectetur adipiscing elit. Pellentesque hendrerit ex enim, ut vulputate libero tincidunt quis. Phasellus neque turpis, accumsan ut interdum id, rutrum vel leo. Aliquam faucibus leo vel dolor maximus, a aliquam urna dignissim. Vivamus luctus dignissim sem, sit amet sagittis lacus convallis vel. Morbi mi diam, laoreet non sapien quis, sagittis maximus diam. Vestibulum ante ipsum primis in faucibus orci luctus et ultrices posuere cubilia curae; Vestibulum et suscipit ante. Ut sit amet mattis neque. Nulla aliquam mollis velit eu feugiat.", "address_line": "G/F Philand Building 2290 Pasong Tamo Extension", "city": "Makati City", "state": "Metro Manila", "zip_code": 1200, "date_joined": "2020-10-04T18:08:16.557Z", "contact_no": "8101312", "secondary_no": "8926757", "image": "default.jpg", "user": 6}}, {"model": "users.serviceprovider", "pk": 3, "fields": {"store_name": "Benson", "slug": "benson-lXjV", "provider_info": "Lorem ipsum dolor sit amet, consectetur adipiscing elit. Morbi lorem orci, malesuada at quam a, malesuada blandit dui. Donec et mauris ipsum. Maecenas in pharetra orci, a varius risus. Nunc ut magna sit amet libero rhoncus feugiat vel quis metus. Vivamus eget euismod enim. Mauris vel imperdiet diam. Nullam tempor pulvinar arcu eu commodo. Aliquam interdum velit libero, non commodo turpis pulvinar non. Aenean congue neque et justo finibus finibus dapibus eu mauris. Duis cursus leo id eleifend commodo. Vivamus lacinia magna non magna mattis, nec convallis risus finibus", "address_line": "G/F Philand Building 2290 Pasong Tamo Extension", "city": "Makati City", "state": "Metro Manila", "zip_code": 1200, "date_joined": "2020-10-05T08:26:44.549Z", "contact_no": "8101312", "secondary_no": "8926757", "image": "default.jpg", "user": 5}}, {"model": "users.providerreview", "pk": 2, "fields": {"author": 4, "provider": 2, "rating": "3", "description": "nce", "order": 5}}, {"model": "main.wishlistitem", "pk": 2, "fields": {"user": 5, "product": 8, "service": null}}, {"model": "main.wishlistitem", "pk": 3, "fields": {"user": 5, "product": 7, "service": null}}, {"model": "main.wishlistitem", "pk": 5, "fields": {"user": 5, "product": null, "service": 2}}, {"model": "main.cartitem", "pk": 1, "fields": {"user": 5, "product": 6, "service": null, "date_added": "2020-10-05T10:19:18.854Z", "quantity": 2}}, {"model": "main.cartitem", "pk": 2, "fields": {"user": 5, "product": 2, "service": null, "date_added": "2020-10-05T09:59:14.588Z", "quantity": 1}}, {"model": "main.cartitem", "pk": 5, "fields": {"user": 5, "product": null, "service": 3, "date_added": "2020-10-05T10:15:05.918Z", "quantity": 1}}, {"model": "main.paymentmethod", "pk": 1, "fields": {"title": "Cash On Delivery", "details": ""}}, {"model": "main.paymentmethod", "pk": 2, "fields": {"title": "Paypal or Debit/Credit Card", "details": "Visa, Mastercard, American Express, etc."}}, {"model": "main.paymentmethod", "pk": 3, "fields": {"title": "Bank Deposit", "details": "Compee\r\n0309128378"}}, {"model": "main.siteorder", "pk": 1, "fields": {"user": 4, "contact_no": "8101312", "date_placed": "2020-10-05T10:25:59.505Z", "status": "Payment Pending", "total": "1118.00", "payment_method": 2, "address_line": "G/F Philand Building 2290 Pasong Tamo Extension", "city": "Makati City", "state": "Metro Manila", "zip_code": 1200, "shipping_fee": 1, "ref_id": "2010051025592C2B48"}}, {"model": "main.siteorder", "pk": 2, "fields": {"user": 4, "contact_no": "8101312", "date_placed": "2020-10-05T10:25:59.486Z", "status": "Unfulfilled", "total": "5230.00", "payment_method": 2, "address_line": "G/F Philand Building 2290 Pasong Tamo Extension", "city": "Makati City", "state": "Metro Manila", "zip_code": 1200, "shipping_fee": 1, "ref_id": "201005102559CD89F7"}}, {"model": "main.siteorder", "pk": 3, "fields": {"user": 4, "contact_no": "8101312", "date_placed": "2020-10-05T10:27:55.005Z", "status": "Cancelled", "total": "4040.00", "payment_method": 1, "address_line": "G/F Philand Building 2290 Pasong Tamo Extension", "city": "Makati City", "state": "Metro Manila", "zip_code": 1200, "shipping_fee": 1, "ref_id": "201005102755DFB3F7"}}, {"model": "main.siteorder", "pk": 5, "fields": {"user": 4, "contact_no": "8101312", "date_placed": "2020-10-05T10:38:17.496Z", "status": "Received", "total": "10000.00", "payment_method": 3, "address_line": "G/F Philand Building 2290 Pasong Tamo Extension", "city": "Makati City", "state": "Metro Manila", "zip_code": 1200, "shipping_fee": null, "ref_id": "201005103817FB76B7"}}, {"model": "main.orderitem", "pk": 1, "fields": {"order": 1, "product": 4, "service": null, "quantity": 2}}, {"model": "main.orderitem", "pk": 2, "fields": {"order": 2, "product": 2, "service": null, "quantity": 1}}, {"model": "main.orderitem", "pk": 3, "fields": {"order": 2, "product": 1, "service": null, "quantity": 1}}, {"model": "main.orderitem", "pk": 4, "fields": {"order": 3, "product": 1, "service": null, "quantity": 1}}, {"model": "main.orderitem", "pk": 6, "fields": {"order": 5, "product": null, "service": 2, "quantity": 1}}, {"model": "admins.product", "pk": 1, "fields": {"name": "Keychron K2 Wireless Mechanical Keyboard (75% Layout, Wired/Bluetooth, White LED, Gateron)", "description": "Lorem ipsum dolor sit amet, consectetur adipiscing elit. Curabitur varius dui lacus, id interdum enim vestibulum ullamcorper. Morbi a molestie diam. Phasellus mollis tempor convallis. Aenean sit amet ornare est. Sed ligula tortor, condimentum in pulvinar et, vehicula ut purus. Sed vulputate tempus ultricies. Nulla posuere, erat vitae venenatis dapibus, orci justo sollicitudin ligula, quis sagittis metus diam in massa. Pellentesque habitant morbi tristique senectus et netus et malesuada fames ac turpis egestas. Maecenas eget faucibus urna. Suspendisse tempor commodo vulputate. Pellentesque placerat est eu velit rhoncus viverra. Pellentesque odio risus, scelerisque id mauris sed, feugiat fermentum libero. Donec eu dignissim lorem, quis efficitur nulla. Donec ac dictum lacus. Aliquam malesuada magna arcu, nec facilisis orci tincidunt quis", "price": "3990.00", "discount_price": "9990.00", "item_stock": 28, "date_created": "2020-10-04T18:38:05.748Z", "image": "default.jpg", "vendor": 1, "slug": "keychron-k2-wireless-mechanical-keyboard-75-layout-wiredbluetooth-white-led-gateron-uZyV"}}, {"model": "admins.product", "pk": 2, "fields": {"name": "Keychron Walnut Wood Palm Rest For K2 and K6", "description": "Lorem ipsum dolor sit amet, consectetur adipiscing elit. Ut erat erat, cursus maximus tortor vel, faucibus dictum elit. Pellentesque a diam ipsum. Phasellus id posuere eros. Nunc in ullamcorper orci. Praesent pulvinar volutpat dui eget blandit. Maecenas eu facilisis dolor. Integer condimentum, ligula sit amet congue ullamcorper, nunc lorem iaculis risus, sit amet sagittis libero ex sit amet tellus. Duis ut est quis massa tempor rhoncus quis eget felis. Suspendisse potenti.", "price": "1190.00", "discount_price": "2990.00", "item_stock": 28, "date_created": "2020-10-04T18:57:58.032Z", "image": "default.jpg", "vendor": 1, "slug": "keychron-walnut-wood-palm-rest-for-k2-and-k6"}}, {"model": "admins.product", "pk": 3, "fields": {"name": "SpecterPro Ultrawide 34UW100 34\" VA PANEL 100Hz Frameless and slim design Curved Monitor", "description": "Lorem ipsum dolor sit amet, consectetur adipiscing elit. Ut erat erat, cursus maximus tortor vel, faucibus dictum elit. Pellentesque a diam ipsum. Phasellus id posuere eros. Nunc in ullamcorper orci. Praesent pulvinar volutpat dui eget blandit. Maecenas eu facilisis dolor. Integer condimentum, ligula sit amet congue ullamcorper, nunc lorem iaculis risus, sit amet sagittis libero ex sit amet tellus. Duis ut est quis massa tempor rhoncus quis eget felis. Suspendisse potenti.", "price": "18995.00", "discount_price": "20500.00", "item_stock": 30, "date_created": "2020-10-04T18:59:31.540Z", "image": "default.jpg", "vendor": 2, "slug": "specterpro-ultrawide-34uw100-34-va-panel-100hz-frameless-and-slim-design-curved-monitor"}}, {"model": "admins.product", "pk": 4, "fields": {"name": "A4tech KRS-8372 Keyboard and Mouse Usb Black", "description": "Lorem ipsum dolor sit amet, consectetur adipiscing elit. Morbi lorem orci, malesuada at quam a, malesuada blandit dui. Donec et mauris ipsum. Maecenas in pharetra orci, a varius risus. Nunc ut magna sit amet libero rhoncus feugiat vel quis metus. Vivamus eget euismod enim. Mauris vel imperdiet diam. Nullam tempor pulvinar arcu eu commodo. Aliquam interdum velit libero, non commodo turpis pulvinar non. Aenean congue neque et justo finibus finibus dapibus eu mauris. Duis cursus leo id eleifend commodo. Vivamus lacinia magna non magna mattis, nec convallis risus finibus.", "price": "534.00", "discount_price": null, "item_stock": 54, "date_created": "2020-10-05T08:12:11.205Z", "image": "default.jpg", "vendor": 2, "slug": "a4tech-krs-8372-keyboard-and-mouse-usb-black"}}, {"model": "admins.product", "pk": 5, "fields": {"name": "AMD Ryzen 5 3600 AM4 Socket 3.6GHz up to 4.2GHz with Wraith Stealth CPU Unlocked Core 6 Threads 12 P", "description": "Lorem ipsum dolor sit amet, consectetur adipiscing elit. Morbi lorem orci, malesuada at quam a, malesuada blandit dui. Donec et mauris ipsum. Maecenas in pharetra orci, a varius risus. Nunc ut magna sit amet libero rhoncus feugiat vel quis metus. Vivamus eget euismod enim. Mauris vel imperdiet diam. Nullam tempor pulvinar arcu eu commodo. Aliquam interdum velit libero, non commodo turpis pulvinar non. Aenean congue neque et justo finibus finibus dapibus eu mauris. Duis cursus leo id eleifend commodo. Vivamus lacinia magna non magna mattis, nec convallis risus finibus.", "price": "11100.00", "discount_price": null, "item_stock": 20, "date_created": "2020-10-05T08:13:11.908Z", "image": "default.jpg", "vendor": 2, "slug": "amd-ryzen-5-3600-am4-socket-36ghz-up-to-42ghz-with-wraith-stealth-cpu-unlocked-core-6-threads-12-p"}}, {"model": "admins.product", "pk": 6, "fields": {"name": "IPASON 104 Keys Office Home Bar External Gaming Mechanical Keyboard", "description": "Lorem ipsum dolor sit amet, consectetur adipiscing elit. Morbi lorem orci, malesuada at quam a, malesuada blandit dui. Donec et mauris ipsum. Maecenas in pharetra orci, a varius risus. Nunc ut magna sit amet libero rhoncus feugiat vel quis metus. Vivamus eget euismod enim. Mauris vel imperdiet diam. Nullam tempor pulvinar arcu eu commodo. Aliquam interdum velit libero, non commodo turpis pulvinar non. Aenean congue neque et justo finibus finibus dapibus eu mauris. Duis cursus leo id eleifend commodo. Vivamus lacinia magna non magna mattis, nec convallis risus finibus.", "price": "1899.00", "discount_price": "2429.00", "item_stock": 28, "date_created": "2020-10-05T08:19:07.106Z", "image": "default.jpg", "vendor": 3, "slug": "ipason-104-keys-office-home-bar-external-gaming-mechanical-keyboard"}}, {"model": "admins.product", "pk": 7, "fields": {"name": "IPASON High End Gaming PC i7 10700 8 Core RTX 2080 Super 8G DDR4 3200 RGB 16G Memory 512G M.2 SSD", "description": "Lorem ipsum dolor sit amet, consectetur adipiscing elit. Morbi lorem orci, malesuada at quam a, malesuada blandit dui. Donec et mauris ipsum. Maecenas in pharetra orci, a varius risus. Nunc ut magna sit amet libero rhoncus feugiat vel quis metus. Vivamus eget euismod enim. Mauris vel imperdiet diam. Nullam tempor pulvinar arcu eu commodo. Aliquam interdum velit libero, non commodo turpis pulvinar non. Aenean congue neque et justo finibus finibus dapibus eu mauris. Duis cursus leo id eleifend commodo. Vivamus lacinia magna non magna mattis, nec convallis risus finibus.", "price": "89999.00", "discount_price": "99999.00", "item_stock": 20, "date_created": "2020-10-05T08:19:59.428Z", "image": "default.jpg", "vendor": 3, "slug": "ipason-high-end-gaming-pc-i7-10700-8-core-rtx-2080-super-8g-ddr4-3200-rgb-16g-memory-512g-m2-ssd"}}, {"model": "admins.product", "pk": 8, "fields": {"name": "IPASON New Arrival I7 10700 / Ryzen 5 3600 RTX 2060 6G 480G SSD RGB 16G DDR4 RAM Gaming Desktop", "description": "Lorem ipsum dolor sit amet, consectetur adipiscing elit. Morbi lorem orci, malesuada at quam a, malesuada blandit dui. Donec et mauris ipsum. Maecenas in pharetra orci, a varius risus. Nunc ut magna sit amet libero rhoncus feugiat vel quis metus. Vivamus eget euismod enim. Mauris vel imperdiet diam. Nullam tempor pulvinar arcu eu commodo. Aliquam interdum velit libero, non commodo turpis pulvinar non. Aenean congue neque et justo finibus finibus dapibus eu mauris. Duis cursus leo id eleifend commodo. Vivamus lacinia magna non magna mattis, nec convallis risus finibus.", "price": "80499.00", "discount_price": "109999.00", "item_stock": 20, "date_created": "2020-10-05T08:26:05.246Z", "image": "default.jpg", "vendor": 3, "slug": "ipason-new-arrival-i7-10700-ryzen-5-3600-rtx-2060-6g-480g-ssd-rgb-16g-ddr4-ram-gaming-desktop"}}, {"model": "admins.serviceitem", "pk": 2, "fields": {"name": "Intel Core i5-9400F Socket 1151 2.9GHz 9m Processor", "description": "Lorem ipsum dolor sit amet, consectetur adipiscing elit. Morbi lorem orci, malesuada at quam a, malesuada blandit dui. Donec et mauris ipsum. Maecenas in pharetra orci, a varius risus. Nunc ut magna sit amet libero rhoncus feugiat vel quis metus. Vivamus eget euismod enim. Mauris vel imperdiet diam. Nullam tempor pulvinar arcu eu commodo. Aliquam interdum velit libero, non commodo turpis pulvinar non. Aenean congue neque et justo finibus finibus dapibus eu mauris. Duis cursus leo id eleifend commodo. Vivamus lacinia magna non magna mattis, nec convallis risus finibus.", "price": "8990.00", "stock_required": 20, "date_created": "2020-10-05T08:30:46.685Z", "image": "default.jpg", "provider": 2, "slug": "intel-core-i5-9400f-socket-1151-29ghz-9m-processor"}}, {"model": "admins.serviceitem", "pk": 3, "fields": {"name": "AMD Ryzen 5 3600 CPU AM4 Socket 6-Core 12-Thread with Wraith Stealth Cooler", "description": "Lorem ipsum dolor sit amet, consectetur adipiscing elit. Morbi lorem orci, malesuada at quam a, malesuada blandit dui. Donec et mauris ipsum. Maecenas in pharetra orci, a varius risus. Nunc ut magna sit amet libero rhoncus feugiat vel quis metus. Vivamus eget euismod enim. Mauris vel imperdiet diam. Nullam tempor pulvinar arcu eu commodo. Aliquam interdum velit libero, non commodo turpis pulvinar non. Aenean congue neque et justo finibus finibus dapibus eu mauris. Duis cursus leo id eleifend commodo. Vivamus lacinia magna non magna mattis, nec convallis risus finibus.", "price": "11119.00", "stock_required": 11500, "date_created": "2020-10-05T08:31:24.280Z", "image": "default.jpg", "provider": 2, "slug": "amd-ryzen-5-3600-cpu-am4-socket-6-core-12-thread-with-wraith-stealth-cooler"}}, {"model": "admins.service", "pk": 2, "fields": {"name": "Gaming PC Build", "description": "Lorem ipsum dolor sit amet, consectetur adipiscing elit. Morbi lorem orci, malesuada at quam a, malesuada blandit dui. Donec et mauris ipsum. Maecenas in pharetra orci, a varius risus. Nunc ut magna sit amet libero rhoncus feugiat vel quis metus. Vivamus eget euismod enim. Mauris vel imperdiet diam. Nullam tempor pulvinar arcu eu commodo. Aliquam interdum velit libero, non commodo turpis pulvinar non. Aenean congue neque et justo finibus finibus dapibus eu mauris. Duis cursus leo id eleifend commodo. Vivamus lacinia magna non magna mattis, nec convallis risus finibus.", "price": "10000.00", "discount_price": null, "date_created": "2020-10-05T08:35:54.802Z", "image": "default.jpg", "provider": 2, "slug": "gaming-pc-build"}}, {"model": "admins.service", "pk": 3, "fields": {"name": "Office PC Build", "description": "Lorem ipsum dolor sit amet, consectetur adipiscing elit. Morbi lorem orci, malesuada at quam a, malesuada blandit dui. Donec et mauris ipsum. Maecenas in pharetra orci, a varius risus. Nunc ut magna sit amet libero rhoncus feugiat vel quis metus. Vivamus eget euismod enim. Mauris vel imperdiet diam. Nullam tempor pulvinar arcu eu commodo. Aliquam interdum velit libero, non commodo turpis pulvinar non. Aenean congue neque et justo finibus finibus dapibus eu mauris. Duis cursus leo id eleifend commodo. Vivamus lacinia magna non magna mattis, nec convallis risus finibus.", "price": "8000.00", "discount_price": null, "date_created": "2020-10-05T08:37:14.535Z", "image": "default.jpg", "provider": 2, "slug": "office-pc-build"}}, {"model": "admins.category", "pk": 1, "fields": {"name": "Desktop PC"}}, {"model": "admins.category", "pk": 2, "fields": {"name": "Laptop PC"}}, {"model": "admins.category", "pk": 3, "fields": {"name": "Components"}}, {"model": "admins.category", "pk": 4, "fields": {"name": "Accessories"}}, {"model": "admins.category", "pk": 5, "fields": {"name": "Mobile Phone"}}, {"model": "admins.category", "pk": 6, "fields": {"name": "Printer & Ink"}}, {"model": "admins.category", "pk": 7, "fields": {"name": "Network"}}, {"model": "admins.category", "pk": 8, "fields": {"name": "Gaming"}}, {"model": "admins.productcategory", "pk": 1, "fields": {"category": 3, "product": 1}}, {"model": "admins.productcategory", "pk": 2, "fields": {"category": 4, "product": 2}}, {"model": "admins.productcategory", "pk": 3, "fields": {"category": 3, "product": 3}}, {"model": "admins.productcategory", "pk": 4, "fields": {"category": 3, "product": 4}}, {"model": "admins.productcategory", "pk": 5, "fields": {"category": 3, "product": 5}}, {"model": "admins.productcategory", "pk": 6, "fields": {"category": 3, "product": 6}}, {"model": "admins.productcategory", "pk": 7, "fields": {"category": 1, "product": 7}}, {"model": "admins.productcategory", "pk": 8, "fields": {"category": 1, "product": 8}}, {"model": "admins.servicecategory", "pk": 2, "fields": {"category": 1, "service": 2}}, {"model": "admins.servicecategory", "pk": 3, "fields": {"category": 1, "service": 3}}, {"model": "admins.serviceitemcategory", "pk": 2, "fields": {"category": 3, "service_item": 2}}, {"model": "admins.serviceitemcategory", "pk": 3, "fields": {"category": 3, "service_item": 3}}, {"model": "admins.shippingrate", "pk": 1, "fields": {"rate": "50.00", "name": "Within Metro Manila"}}, {"model": "admins.shippingrate", "pk": 2, "fields": {"rate": "100.00", "name": "Outside Metro Manila"}}, {"model": "admins.vendorshipping", "pk": 1, "fields": {"rate": 1, "vendor": 1}}, {"model": "admins.vendorshipping", "pk": 3, "fields": {"rate": 1, "vendor": 2}}, {"model": "admins.vendorshipping", "pk": 4, "fields": {"rate": 1, "vendor": 3}}, {"model": "admin.logentry", "pk": 1, "fields": {"action_time": "2020-10-04T16:31:24.104Z", "user": 1, "content_type": 25, "object_id": "1", "object_repr": "Vendor", "action_flag": 1, "change_message": "[{\"added\": {}}]"}}, {"model": "admin.logentry", "pk": 2, "fields": {"action_time": "2020-10-04T16:31:35.436Z", "user": 1, "content_type": 25, "object_id": "2", "object_repr": "Admin", "action_flag": 1, "change_message": "[{\"added\": {}}]"}}, {"model": "admin.logentry", "pk": 3, "fields": {"action_time": "2020-10-04T16:31:59.032Z", "user": 1, "content_type": 25, "object_id": "3", "object_repr": "Provider", "action_flag": 1, "change_message": "[{\"added\": {}}]"}}, {"model": "admin.logentry", "pk": 4, "fields": {"action_time": "2020-10-04T16:32:25.083Z", "user": 1, "content_type": 26, "object_id": "1", "object_repr": "megadmin", "action_flag": 2, "change_message": "[{\"changed\": {\"fields\": [\"Groups\"]}}]"}}, {"model": "admin.logentry", "pk": 5, "fields": {"action_time": "2020-10-04T18:24:06.022Z", "user": 1, "content_type": 26, "object_id": "6", "object_repr": "test-service", "action_flag": 2, "change_message": "[{\"changed\": {\"fields\": [\"Groups\"]}}]"}}, {"model": "auth.permission", "pk": 1, "fields": {"name": "Can add tag", "content_type": 1, "codename": "add_tag"}}, {"model": "auth.permission", "pk": 2, "fields": {"name": "Can change tag", "content_type": 1, "codename": "change_tag"}}, {"model": "auth.permission", "pk": 3, "fields": {"name": "Can delete tag", "content_type": 1, "codename": "delete_tag"}}, {"model": "auth.permission", "pk": 4, "fields": {"name": "Can view tag", "content_type": 1, "codename": "view_tag"}}, {"model": "auth.permission", "pk": 5, "fields": {"name": "Can add tagged item", "content_type": 2, "codename": "add_taggeditem"}}, {"model": "auth.permission", "pk": 6, "fields": {"name": "Can change tagged item", "content_type": 2, "codename": "change_taggeditem"}}, {"model": "auth.permission", "pk": 7, "fields": {"name": "Can delete tagged item", "content_type": 2, "codename": "delete_taggeditem"}}, {"model": "auth.permission", "pk": 8, "fields": {"name": "Can view tagged item", "content_type": 2, "codename": "view_taggeditem"}}, {"model": "auth.permission", "pk": 9, "fields": {"name": "Can add vendor", "content_type": 3, "codename": "add_vendor"}}, {"model": "auth.permission", "pk": 10, "fields": {"name": "Can change vendor", "content_type": 3, "codename": "change_vendor"}}, {"model": "auth.permission", "pk": 11, "fields": {"name": "Can delete vendor", "content_type": 3, "codename": "delete_vendor"}}, {"model": "auth.permission", "pk": 12, "fields": {"name": "Can view vendor", "content_type": 3, "codename": "view_vendor"}}, {"model": "auth.permission", "pk": 13, "fields": {"name": "Can add service provider", "content_type": 4, "codename": "add_serviceprovider"}}, {"model": "auth.permission", "pk": 14, "fields": {"name": "Can change service provider", "content_type": 4, "codename": "change_serviceprovider"}}, {"model": "auth.permission", "pk": 15, "fields": {"name": "Can delete service provider", "content_type": 4, "codename": "delete_serviceprovider"}}, {"model": "auth.permission", "pk": 16, "fields": {"name": "Can view service provider", "content_type": 4, "codename": "view_serviceprovider"}}, {"model": "auth.permission", "pk": 17, "fields": {"name": "Can add vendor review", "content_type": 5, "codename": "add_vendorreview"}}, {"model": "auth.permission", "pk": 18, "fields": {"name": "Can change vendor review", "content_type": 5, "codename": "change_vendorreview"}}, {"model": "auth.permission", "pk": 19, "fields": {"name": "Can delete vendor review", "content_type": 5, "codename": "delete_vendorreview"}}, {"model": "auth.permission", "pk": 20, "fields": {"name": "Can view vendor review", "content_type": 5, "codename": "view_vendorreview"}}, {"model": "auth.permission", "pk": 21, "fields": {"name": "Can add provider review", "content_type": 6, "codename": "add_providerreview"}}, {"model": "auth.permission", "pk": 22, "fields": {"name": "Can change provider review", "content_type": 6, "codename": "change_providerreview"}}, {"model": "auth.permission", "pk": 23, "fields": {"name": "Can delete provider review", "content_type": 6, "codename": "delete_providerreview"}}, {"model": "auth.permission", "pk": 24, "fields": {"name": "Can view provider review", "content_type": 6, "codename": "view_providerreview"}}, {"model": "auth.permission", "pk": 25, "fields": {"name": "Can add wishlist item", "content_type": 7, "codename": "add_wishlistitem"}}, {"model": "auth.permission", "pk": 26, "fields": {"name": "Can change wishlist item", "content_type": 7, "codename": "change_wishlistitem"}}, {"model": "auth.permission", "pk": 27, "fields": {"name": "Can delete wishlist item", "content_type": 7, "codename": "delete_wishlistitem"}}, {"model": "auth.permission", "pk": 28, "fields": {"name": "Can view wishlist item", "content_type": 7, "codename": "view_wishlistitem"}}, {"model": "auth.permission", "pk": 29, "fields": {"name": "Can add cart item", "content_type": 8, "codename": "add_cartitem"}}, {"model": "auth.permission", "pk": 30, "fields": {"name": "Can change cart item", "content_type": 8, "codename": "change_cartitem"}}, {"model": "auth.permission", "pk": 31, "fields": {"name": "Can delete cart item", "content_type": 8, "codename": "delete_cartitem"}}, {"model": "auth.permission", "pk": 32, "fields": {"name": "Can view cart item", "content_type": 8, "codename": "view_cartitem"}}, {"model": "auth.permission", "pk": 33, "fields": {"name": "Can add payment method", "content_type": 9, "codename": "add_paymentmethod"}}, {"model": "auth.permission", "pk": 34, "fields": {"name": "Can change payment method", "content_type": 9, "codename": "change_paymentmethod"}}, {"model": "auth.permission", "pk": 35, "fields": {"name": "Can delete payment method", "content_type": 9, "codename": "delete_paymentmethod"}}, {"model": "auth.permission", "pk": 36, "fields": {"name": "Can view payment method", "content_type": 9, "codename": "view_paymentmethod"}}, {"model": "auth.permission", "pk": 37, "fields": {"name": "Can add site order", "content_type": 10, "codename": "add_siteorder"}}, {"model": "auth.permission", "pk": 38, "fields": {"name": "Can change site order", "content_type": 10, "codename": "change_siteorder"}}, {"model": "auth.permission", "pk": 39, "fields": {"name": "Can delete site order", "content_type": 10, "codename": "delete_siteorder"}}, {"model": "auth.permission", "pk": 40, "fields": {"name": "Can view site order", "content_type": 10, "codename": "view_siteorder"}}, {"model": "auth.permission", "pk": 41, "fields": {"name": "Can add order item", "content_type": 11, "codename": "add_orderitem"}}, {"model": "auth.permission", "pk": 42, "fields": {"name": "Can change order item", "content_type": 11, "codename": "change_orderitem"}}, {"model": "auth.permission", "pk": 43, "fields": {"name": "Can delete order item", "content_type": 11, "codename": "delete_orderitem"}}, {"model": "auth.permission", "pk": 44, "fields": {"name": "Can view order item", "content_type": 11, "codename": "view_orderitem"}}, {"model": "auth.permission", "pk": 45, "fields": {"name": "Can add product", "content_type": 12, "codename": "add_product"}}, {"model": "auth.permission", "pk": 46, "fields": {"name": "Can change product", "content_type": 12, "codename": "change_product"}}, {"model": "auth.permission", "pk": 47, "fields": {"name": "Can delete product", "content_type": 12, "codename": "delete_product"}}, {"model": "auth.permission", "pk": 48, "fields": {"name": "Can view product", "content_type": 12, "codename": "view_product"}}, {"model": "auth.permission", "pk": 49, "fields": {"name": "Can add service item", "content_type": 13, "codename": "add_serviceitem"}}, {"model": "auth.permission", "pk": 50, "fields": {"name": "Can change service item", "content_type": 13, "codename": "change_serviceitem"}}, {"model": "auth.permission", "pk": 51, "fields": {"name": "Can delete service item", "content_type": 13, "codename": "delete_serviceitem"}}, {"model": "auth.permission", "pk": 52, "fields": {"name": "Can view service item", "content_type": 13, "codename": "view_serviceitem"}}, {"model": "auth.permission", "pk": 53, "fields": {"name": "Can add service", "content_type": 14, "codename": "add_service"}}, {"model": "auth.permission", "pk": 54, "fields": {"name": "Can change service", "content_type": 14, "codename": "change_service"}}, {"model": "auth.permission", "pk": 55, "fields": {"name": "Can delete service", "content_type": 14, "codename": "delete_service"}}, {"model": "auth.permission", "pk": 56, "fields": {"name": "Can view service", "content_type": 14, "codename": "view_service"}}, {"model": "auth.permission", "pk": 57, "fields": {"name": "Can add category", "content_type": 15, "codename": "add_category"}}, {"model": "auth.permission", "pk": 58, "fields": {"name": "Can change category", "content_type": 15, "codename": "change_category"}}, {"model": "auth.permission", "pk": 59, "fields": {"name": "Can delete category", "content_type": 15, "codename": "delete_category"}}, {"model": "auth.permission", "pk": 60, "fields": {"name": "Can view category", "content_type": 15, "codename": "view_category"}}, {"model": "auth.permission", "pk": 61, "fields": {"name": "Can add product category", "content_type": 16, "codename": "add_productcategory"}}, {"model": "auth.permission", "pk": 62, "fields": {"name": "Can change product category", "content_type": 16, "codename": "change_productcategory"}}, {"model": "auth.permission", "pk": 63, "fields": {"name": "Can delete product category", "content_type": 16, "codename": "delete_productcategory"}}, {"model": "auth.permission", "pk": 64, "fields": {"name": "Can view product category", "content_type": 16, "codename": "view_productcategory"}}, {"model": "auth.permission", "pk": 65, "fields": {"name": "Can add service category", "content_type": 17, "codename": "add_servicecategory"}}, {"model": "auth.permission", "pk": 66, "fields": {"name": "Can change service category", "content_type": 17, "codename": "change_servicecategory"}}, {"model": "auth.permission", "pk": 67, "fields": {"name": "Can delete service category", "content_type": 17, "codename": "delete_servicecategory"}}, {"model": "auth.permission", "pk": 68, "fields": {"name": "Can view service category", "content_type": 17, "codename": "view_servicecategory"}}, {"model": "auth.permission", "pk": 69, "fields": {"name": "Can add service item category", "content_type": 18, "codename": "add_serviceitemcategory"}}, {"model": "auth.permission", "pk": 70, "fields": {"name": "Can change service item category", "content_type": 18, "codename": "change_serviceitemcategory"}}, {"model": "auth.permission", "pk": 71, "fields": {"name": "Can delete service item category", "content_type": 18, "codename": "delete_serviceitemcategory"}}, {"model": "auth.permission", "pk": 72, "fields": {"name": "Can view service item category", "content_type": 18, "codename": "view_serviceitemcategory"}}, {"model": "auth.permission", "pk": 73, "fields": {"name": "Can add product review", "content_type": 19, "codename": "add_productreview"}}, {"model": "auth.permission", "pk": 74, "fields": {"name": "Can change product review", "content_type": 19, "codename": "change_productreview"}}, {"model": "auth.permission", "pk": 75, "fields": {"name": "Can delete product review", "content_type": 19, "codename": "delete_productreview"}}, {"model": "auth.permission", "pk": 76, "fields": {"name": "Can view product review", "content_type": 19, "codename": "view_productreview"}}, {"model": "auth.permission", "pk": 77, "fields": {"name": "Can add service review", "content_type": 20, "codename": "add_servicereview"}}, {"model": "auth.permission", "pk": 78, "fields": {"name": "Can change service review", "content_type": 20, "codename": "change_servicereview"}}, {"model": "auth.permission", "pk": 79, "fields": {"name": "Can delete service review", "content_type": 20, "codename": "delete_servicereview"}}, {"model": "auth.permission", "pk": 80, "fields": {"name": "Can view service review", "content_type": 20, "codename": "view_servicereview"}}, {"model": "auth.permission", "pk": 81, "fields": {"name": "Can add shipping rate", "content_type": 21, "codename": "add_shippingrate"}}, {"model": "auth.permission", "pk": 82, "fields": {"name": "Can change shipping rate", "content_type": 21, "codename": "change_shippingrate"}}, {"model": "auth.permission", "pk": 83, "fields": {"name": "Can delete shipping rate", "content_type": 21, "codename": "delete_shippingrate"}}, {"model": "auth.permission", "pk": 84, "fields": {"name": "Can view shipping rate", "content_type": 21, "codename": "view_shippingrate"}}, {"model": "auth.permission", "pk": 85, "fields": {"name": "Can add vendor shipping", "content_type": 22, "codename": "add_vendorshipping"}}, {"model": "auth.permission", "pk": 86, "fields": {"name": "Can change vendor shipping", "content_type": 22, "codename": "change_vendorshipping"}}, {"model": "auth.permission", "pk": 87, "fields": {"name": "Can delete vendor shipping", "content_type": 22, "codename": "delete_vendorshipping"}}, {"model": "auth.permission", "pk": 88, "fields": {"name": "Can view vendor shipping", "content_type": 22, "codename": "view_vendorshipping"}}, {"model": "auth.permission", "pk": 89, "fields": {"name": "Can add log entry", "content_type": 23, "codename": "add_logentry"}}, {"model": "auth.permission", "pk": 90, "fields": {"name": "Can change log entry", "content_type": 23, "codename": "change_logentry"}}, {"model": "auth.permission", "pk": 91, "fields": {"name": "Can delete log entry", "content_type": 23, "codename": "delete_logentry"}}, {"model": "auth.permission", "pk": 92, "fields": {"name": "Can view log entry", "content_type": 23, "codename": "view_logentry"}}, {"model": "auth.permission", "pk": 93, "fields": {"name": "Can add permission", "content_type": 24, "codename": "add_permission"}}, {"model": "auth.permission", "pk": 94, "fields": {"name": "Can change permission", "content_type": 24, "codename": "change_permission"}}, {"model": "auth.permission", "pk": 95, "fields": {"name": "Can delete permission", "content_type": 24, "codename": "delete_permission"}}, {"model": "auth.permission", "pk": 96, "fields": {"name": "Can view permission", "content_type": 24, "codename": "view_permission"}}, {"model": "auth.permission", "pk": 97, "fields": {"name": "Can add group", "content_type": 25, "codename": "add_group"}}, {"model": "auth.permission", "pk": 98, "fields": {"name": "Can change group", "content_type": 25, "codename": "change_group"}}, {"model": "auth.permission", "pk": 99, "fields": {"name": "Can delete group", "content_type": 25, "codename": "delete_group"}}, {"model": "auth.permission", "pk": 100, "fields": {"name": "Can view group", "content_type": 25, "codename": "view_group"}}, {"model": "auth.permission", "pk": 101, "fields": {"name": "Can add user", "content_type": 26, "codename": "add_user"}}, {"model": "auth.permission", "pk": 102, "fields": {"name": "Can change user", "content_type": 26, "codename": "change_user"}}, {"model": "auth.permission", "pk": 103, "fields": {"name": "Can delete user", "content_type": 26, "codename": "delete_user"}}, {"model": "auth.permission", "pk": 104, "fields": {"name": "Can view user", "content_type": 26, "codename": "view_user"}}, {"model": "auth.permission", "pk": 105, "fields": {"name": "Can add content type", "content_type": 27, "codename": "add_contenttype"}}, {"model": "auth.permission", "pk": 106, "fields": {"name": "Can change content type", "content_type": 27, "codename": "change_contenttype"}}, {"model": "auth.permission", "pk": 107, "fields": {"name": "Can delete content type", "content_type": 27, "codename": "delete_contenttype"}}, {"model": "auth.permission", "pk": 108, "fields": {"name": "Can view content type", "content_type": 27, "codename": "view_contenttype"}}, {"model": "auth.permission", "pk": 109, "fields": {"name": "Can add session", "content_type": 28, "codename": "add_session"}}, {"model": "auth.permission", "pk": 110, "fields": {"name": "Can change session", "content_type": 28, "codename": "change_session"}}, {"model": "auth.permission", "pk": 111, "fields": {"name": "Can delete session", "content_type": 28, "codename": "delete_session"}}, {"model": "auth.permission", "pk": 112, "fields": {"name": "Can view session", "content_type": 28, "codename": "view_session"}}, {"model": "auth.group", "pk": 1, "fields": {"name": "Vendor", "permissions": []}}, {"model": "auth.group", "pk": 2, "fields": {"name": "Admin", "permissions": []}}, {"model": "auth.group", "pk": 3, "fields": {"name": "Provider", "permissions": []}}, {"model": "auth.user", "pk": 1, "fields": {"password": "pbkdf2_sha256$216000$IboTdUGvdHL2$Y4IrFMZ3VNhhHZjZGBcMl/ah2R3FjA6G3H1igBLBc3Q=", "last_login": "2020-10-04T16:29:35Z", "is_superuser": true, "username": "megadmin", "first_name": "", "last_name": "", "email": "meg@gmail.com", "is_staff": true, "is_active": true, "date_joined": "2020-10-04T16:20:35Z", "groups": [2], "user_permissions": []}}, {"model": "auth.user", "pk": 2, "fields": {"password": "pbkdf2_sha256$216000$KeLjsJsY2gLL$s3t6cVmRNPxu8a2kZHxLC906h1oy9LfKmFGNTtaYR08=", "last_login": "2020-10-05T18:29:16.360Z", "is_superuser": false, "username": "test-admin", "first_name": "Admin", "last_name": "Test", "email": "admin@gmail.com", "is_staff": false, "is_active": true, "date_joined": "2020-10-04T16:22:20.844Z", "groups": [2], "user_permissions": []}}, {"model": "auth.user", "pk": 3, "fields": {"password": "pbkdf2_sha256$216000$anBivS06831C$yI5U80yovhXN946N8i8ZciUsPyD+5EeM0lXfnpBzUkk=", "last_login": "2020-10-05T09:08:22.729Z", "is_superuser": false, "username": "test-store", "first_name": "Store", "last_name": "Test", "email": "teststore@gmail.com", "is_staff": false, "is_active": true, "date_joined": "2020-10-04T16:24:29.016Z", "groups": [1], "user_permissions": []}}, {"model": "auth.user", "pk": 4, "fields": {"password": "pbkdf2_sha256$216000$z5p7uDm9QdPR$jGX3tWApJ06mGKKUkGviadyglFA5J2uZpVTBLcvye2U=", "last_login": "2020-10-05T11:58:54.732Z", "is_superuser": false, "username": "test-store-2", "first_name": "Store 2", "last_name": "Test", "email": "teststore2@gmail.com", "is_staff": false, "is_active": true, "date_joined": "2020-10-04T16:24:58.057Z", "groups": [1], "user_permissions": []}}, {"model": "auth.user", "pk": 5, "fields": {"password": "pbkdf2_sha256$216000$p9mnMRCZxsPd$YGCR1YFhGuuwjASU85NSIuI+xCs6i77a8nztQ7FEHIk=", "last_login": "2020-10-05T11:58:34.788Z", "is_superuser": false, "username": "test-user", "first_name": "User", "last_name": "Test", "email": "testuser@gmail.com", "is_staff": false, "is_active": true, "date_joined": "2020-10-04T16:28:42.881Z", "groups": [1, 3], "user_permissions": []}}, {"model": "auth.user", "pk": 6, "fields": {"password": "pbkdf2_sha256$216000$ebaEpERGLGfk$NUEi/bASIYbC2KTM9MwAjuzZghdR9k8L1CXlWyYo78k=", "last_login": "2020-10-05T09:08:36.360Z", "is_superuser": false, "username": "test-service", "first_name": "Service", "last_name": "Test", "email": "testservice@gmail.com", "is_staff": false, "is_active": true, "date_joined": "2020-10-04T16:29:15Z", "groups": [3], "user_permissions": []}}, {"model": "contenttypes.contenttype", "pk": 1, "fields": {"app_label": "taggit", "model": "tag"}}, {"model": "contenttypes.contenttype", "pk": 2, "fields": {"app_label": "taggit", "model": "taggeditem"}}, {"model": "contenttypes.contenttype", "pk": 3, "fields": {"app_label": "users", "model": "vendor"}}, {"model": "contenttypes.contenttype", "pk": 4, "fields": {"app_label": "users", "model": "serviceprovider"}}, {"model": "contenttypes.contenttype", "pk": 5, "fields": {"app_label": "users", "model": "vendorreview"}}, {"model": "contenttypes.contenttype", "pk": 6, "fields": {"app_label": "users", "model": "providerreview"}}, {"model": "contenttypes.contenttype", "pk": 7, "fields": {"app_label": "main", "model": "wishlistitem"}}, {"model": "contenttypes.contenttype", "pk": 8, "fields": {"app_label": "main", "model": "cartitem"}}, {"model": "contenttypes.contenttype", "pk": 9, "fields": {"app_label": "main", "model": "paymentmethod"}}, {"model": "contenttypes.contenttype", "pk": 10, "fields": {"app_label": "main", "model": "siteorder"}}, {"model": "contenttypes.contenttype", "pk": 11, "fields": {"app_label": "main", "model": "orderitem"}}, {"model": "contenttypes.contenttype", "pk": 12, "fields": {"app_label": "admins", "model": "product"}}, {"model": "contenttypes.contenttype", "pk": 13, "fields": {"app_label": "admins", "model": "serviceitem"}}, {"model": "contenttypes.contenttype", "pk": 14, "fields": {"app_label": "admins", "model": "service"}}, {"model": "contenttypes.contenttype", "pk": 15, "fields": {"app_label": "admins", "model": "category"}}, {"model": "contenttypes.contenttype", "pk": 16, "fields": {"app_label": "admins", "model": "productcategory"}}, {"model": "contenttypes.contenttype", "pk": 17, "fields": {"app_label": "admins", "model": "servicecategory"}}, {"model": "contenttypes.contenttype", "pk": 18, "fields": {"app_label": "admins", "model": "serviceitemcategory"}}, {"model": "contenttypes.contenttype", "pk": 19, "fields": {"app_label": "admins", "model": "productreview"}}, {"model": "contenttypes.contenttype", "pk": 20, "fields": {"app_label": "admins", "model": "servicereview"}}, {"model": "contenttypes.contenttype", "pk": 21, "fields": {"app_label": "admins", "model": "shippingrate"}}, {"model": "contenttypes.contenttype", "pk": 22, "fields": {"app_label": "admins", "model": "vendorshipping"}}, {"model": "contenttypes.contenttype", "pk": 23, "fields": {"app_label": "admin", "model": "logentry"}}, {"model": "contenttypes.contenttype", "pk": 24, "fields": {"app_label": "auth", "model": "permission"}}, {"model": "contenttypes.contenttype", "pk": 25, "fields": {"app_label": "auth", "model": "group"}}, {"model": "contenttypes.contenttype", "pk": 26, "fields": {"app_label": "auth", "model": "user"}}, {"model": "contenttypes.contenttype", "pk": 27, "fields": {"app_label": "contenttypes", "model": "contenttype"}}, {"model": "contenttypes.contenttype", "pk": 28, "fields": {"app_label": "sessions", "model": "session"}}, {"model": "sessions.session", "pk": "zdq58in33m381nsvotcnlf8xuv8da3y4", "fields": {"session_data": ".eJxVjMsOwiAQRf-FtSFAeQwu3fsNhGFAqgaS0q6M_65NutDtPefcFwtxW2vYRl7CTOzMFDv9bhjTI7cd0D22W-ept3WZke8KP-jg1075eTncv4MaR_3WaIUzCSVRFDZ77QFyMdYmpbWcwElNYrKok8oCHHgoaJxLhAKhaK_Y-wPS0Tdb:1kPVEa:w_ZeC2sU61i8f0sMtiOuh0I0U5embfj6aMBm7qc_HIU", "expire_date": "2020-10-19T18:29:16.362Z"}}]